game_id,date,player_id,name,ab,h,running_total_ab,running_total_h
15,1998-04-01,7290,"Chuck Knoblauch",3,0,3,0
15,1998-04-01,6625,"Derek Jeter",4,0,4,0
15,1998-04-01,11038,"Tim Raines Sr",2,2,2,2
15,1998-04-01,1589,"Scott Brosius",4,0,4,0
15,1998-04-01,13043,"Darryl Strawberry",4,0,4,0
15,1998-04-01,10834,"Jorge Posada",3,0,3,0
15,1998-04-01,14474,"Bernie F Williams",2,0,2,0
15,1998-04-01,8493,"Tino Martinez",3,0,3,0
15,1998-04-01,10084,"Paul O'Neill",3,0,3,0
26,1998-04-02,10834,"Jorge Posada",3,2,6,2
26,1998-04-02,14474,"Bernie F Williams",4,2,6,2
26,1998-04-02,8493,"Tino Martinez",4,2,7,2
26,1998-04-02,10084,"Paul O'Neill",4,0,7,0
26,1998-04-02,7290,"Chuck Knoblauch",4,1,7,1
26,1998-04-02,6625,"Derek Jeter",4,1,8,1
26,1998-04-02,11038,"Tim Raines Sr",4,2,6,4
26,1998-04-02,1589,"Scott Brosius",3,0,7,0
26,1998-04-02,13043,"Darryl Strawberry",4,0,8,0
42,1998-04-03,6625,"Derek Jeter",5,1,13,2
42,1998-04-03,11038,"Tim Raines Sr",4,2,10,6
42,1998-04-03,7290,"Chuck Knoblauch",5,1,12,2
42,1998-04-03,1589,"Scott Brosius",5,0,12,0
42,1998-04-03,13043,"Darryl Strawberry",3,0,11,0
42,1998-04-03,10834,"Jorge Posada",3,0,9,2
42,1998-04-03,14474,"Bernie F Williams",4,3,10,5
42,1998-04-03,8493,"Tino Martinez",2,0,9,2
42,1998-04-03,10084,"Paul O'Neill",5,2,12,2
57,1998-04-04,10084,"Paul O'Neill",6,1,18,3
57,1998-04-04,3002,"Chad Curtis",3,1,3,1
57,1998-04-04,6625,"Derek Jeter",4,2,17,4
57,1998-04-04,11038,"Tim Raines Sr",2,1,12,7
57,1998-04-04,7290,"Chuck Knoblauch",6,3,18,5
57,1998-04-04,1589,"Scott Brosius",4,1,16,1
57,1998-04-04,13043,"Darryl Strawberry",4,0,15,0
57,1998-04-04,10834,"Jorge Posada",5,2,14,4
57,1998-04-04,14474,"Bernie F Williams",6,2,16,7
57,1998-04-04,8493,"Tino Martinez",4,0,13,2
72,1998-04-05,1589,"Scott Brosius",6,3,22,4
72,1998-04-05,13043,"Darryl Strawberry",5,3,20,3
72,1998-04-05,10834,"Jorge Posada",6,3,20,7
72,1998-04-05,14474,"Bernie F Williams",5,1,21,8
72,1998-04-05,8493,"Tino Martinez",5,3,18,5
72,1998-04-05,10084,"Paul O'Neill",6,3,24,6
72,1998-04-05,3002,"Chad Curtis",0,0,3,1
72,1998-04-05,6625,"Derek Jeter",5,1,22,5
72,1998-04-05,11038,"Tim Raines Sr",3,1,15,8
72,1998-04-05,7290,"Chuck Knoblauch",6,2,24,7
85,1998-04-06,3002,"Chad Curtis",0,0,3,1
85,1998-04-06,6625,"Derek Jeter",3,1,25,6
85,1998-04-06,11038,"Tim Raines Sr",5,3,20,11
85,1998-04-06,7290,"Chuck Knoblauch",6,2,30,9
85,1998-04-06,1589,"Scott Brosius",5,2,27,6
85,1998-04-06,13043,"Darryl Strawberry",6,2,26,5
85,1998-04-06,10834,"Jorge Posada",5,4,25,11
85,1998-04-06,13191,"Dale Sveum",1,0,1,0
85,1998-04-06,14474,"Bernie F Williams",5,0,26,8
85,1998-04-06,8493,"Tino Martinez",5,2,23,7
85,1998-04-06,10084,"Paul O'Neill",5,2,29,8
94,1998-04-07,14474,"Bernie F Williams",2,1,28,9
94,1998-04-07,10084,"Paul O'Neill",3,1,32,9
94,1998-04-07,4895,"Joe Girardi",4,0,4,0
94,1998-04-07,3002,"Chad Curtis",0,0,3,1
94,1998-04-07,6625,"Derek Jeter",5,1,30,7
94,1998-04-07,11038,"Tim Raines Sr",3,1,23,12
94,1998-04-07,7290,"Chuck Knoblauch",3,0,33,9
94,1998-04-07,12691,"Luis Sojo",4,0,4,0
94,1998-04-07,1589,"Scott Brosius",3,2,30,8
94,1998-04-07,13043,"Darryl Strawberry",2,0,28,5
107,1998-04-08,11038,"Tim Raines Sr",1,0,24,12
107,1998-04-08,7290,"Chuck Knoblauch",4,0,37,9
107,1998-04-08,8493,"Tino Martinez",4,2,27,9
107,1998-04-08,1589,"Scott Brosius",4,0,34,8
107,1998-04-08,13043,"Darryl Strawberry",4,0,32,5
107,1998-04-08,14474,"Bernie F Williams",4,0,32,9
107,1998-04-08,10084,"Paul O'Neill",3,1,35,10
107,1998-04-08,3002,"Chad Curtis",3,2,6,3
107,1998-04-08,6625,"Derek Jeter",4,2,34,9
107,1998-04-08,10834,"Jorge Posada",4,2,29,13
129,1998-04-10,6625,"Derek Jeter",5,2,39,11
129,1998-04-10,10834,"Jorge Posada",4,2,33,15
129,1998-04-10,11038,"Tim Raines Sr",3,1,27,13
129,1998-04-10,7290,"Chuck Knoblauch",4,0,41,9
129,1998-04-10,8493,"Tino Martinez",3,2,30,11
129,1998-04-10,1589,"Scott Brosius",4,1,38,9
129,1998-04-10,13043,"Darryl Strawberry",4,1,36,6
129,1998-04-10,14474,"Bernie F Williams",4,1,36,10
129,1998-04-10,10084,"Paul O'Neill",3,0,38,10
144,1998-04-12,14474,"Bernie F Williams",4,3,43,15
144,1998-04-12,10084,"Paul O'Neill",4,2,46,13
144,1998-04-12,6625,"Derek Jeter",5,2,48,13
144,1998-04-12,10834,"Jorge Posada",3,1,36,16
144,1998-04-12,11038,"Tim Raines Sr",2,0,32,15
144,1998-04-12,7290,"Chuck Knoblauch",5,2,50,12
144,1998-04-12,8493,"Tino Martinez",4,0,38,13
144,1998-04-12,1589,"Scott Brosius",4,2,45,11
144,1998-04-12,13043,"Darryl Strawberry",5,1,45,8
159,1998-04-12,6625,"Derek Jeter",4,0,48,13
159,1998-04-12,11038,"Tim Raines Sr",3,2,32,15
159,1998-04-12,7290,"Chuck Knoblauch",4,1,50,12
159,1998-04-12,8493,"Tino Martinez",4,2,38,13
159,1998-04-12,1589,"Scott Brosius",3,0,45,11
159,1998-04-12,3002,"Chad Curtis",0,0,6,3
159,1998-04-12,13043,"Darryl Strawberry",4,1,45,8
159,1998-04-12,14474,"Bernie F Williams",3,2,43,15
159,1998-04-12,10084,"Paul O'Neill",4,1,46,13
159,1998-04-12,4895,"Joe Girardi",4,1,8,1
174,1998-04-13,10084,"Paul O'Neill",4,1,50,14
174,1998-04-13,10834,"Jorge Posada",4,1,40,17
174,1998-04-13,6625,"Derek Jeter",5,1,53,14
174,1998-04-13,11038,"Tim Raines Sr",4,1,36,16
174,1998-04-13,7290,"Chuck Knoblauch",4,1,54,13
174,1998-04-13,8493,"Tino Martinez",2,1,40,14
174,1998-04-13,1589,"Scott Brosius",3,1,48,12
174,1998-04-13,3002,"Chad Curtis",0,0,6,3
174,1998-04-13,13043,"Darryl Strawberry",3,2,48,10
174,1998-04-13,14474,"Bernie F Williams",4,2,47,17
188,1998-04-14,1589,"Scott Brosius",3,1,51,13
188,1998-04-14,3002,"Chad Curtis",3,0,9,3
188,1998-04-14,13043,"Darryl Strawberry",3,1,51,11
188,1998-04-14,14474,"Bernie F Williams",3,0,50,17
188,1998-04-14,10084,"Paul O'Neill",3,1,53,15
188,1998-04-14,10834,"Jorge Posada",4,0,44,17
188,1998-04-14,6625,"Derek Jeter",3,2,56,16
188,1998-04-14,7290,"Chuck Knoblauch",4,1,58,14
188,1998-04-14,8493,"Tino Martinez",2,0,42,14
201,1998-04-15,6625,"Derek Jeter",3,1,59,17
201,1998-04-15,7290,"Chuck Knoblauch",5,2,63,16
201,1998-04-15,8493,"Tino Martinez",3,1,45,15
201,1998-04-15,1589,"Scott Brosius",4,1,55,14
201,1998-04-15,3002,"Chad Curtis",0,0,9,3
201,1998-04-15,13043,"Darryl Strawberry",3,0,54,11
201,1998-04-15,14474,"Bernie F Williams",4,1,54,18
201,1998-04-15,10084,"Paul O'Neill",3,1,56,16
201,1998-04-15,10834,"Jorge Posada",4,1,48,18
201,1998-04-15,11038,"Tim Raines Sr",2,2,38,18
224,1998-04-17,14474,"Bernie F Williams",2,0,56,18
224,1998-04-17,10084,"Paul O'Neill",4,1,60,17
224,1998-04-17,10834,"Jorge Posada",3,1,51,19
224,1998-04-17,11038,"Tim Raines Sr",3,0,41,18
224,1998-04-17,6625,"Derek Jeter",4,3,63,20
224,1998-04-17,7290,"Chuck Knoblauch",5,2,68,18
224,1998-04-17,8493,"Tino Martinez",4,1,49,16
224,1998-04-17,1589,"Scott Brosius",4,1,59,15
224,1998-04-17,3002,"Chad Curtis",0,0,9,3
224,1998-04-17,13043,"Darryl Strawberry",3,0,57,11
239,1998-04-18,7290,"Chuck Knoblauch",4,2,72,20
239,1998-04-18,8493,"Tino Martinez",5,4,54,20
239,1998-04-18,1589,"Scott Brosius",3,1,62,16
239,1998-04-18,3002,"Chad Curtis",0,0,9,3
239,1998-04-18,13043,"Darryl Strawberry",4,2,61,13
239,1998-04-18,14474,"Bernie F Williams",4,0,60,18
239,1998-04-18,10084,"Paul O'Neill",5,3,65,20
239,1998-04-18,10834,"Jorge Posada",5,2,56,21
239,1998-04-18,11038,"Tim Raines Sr",3,1,44,19
239,1998-04-18,6625,"Derek Jeter",5,1,68,21
254,1998-04-19,11038,"Tim Raines Sr",4,1,48,20
254,1998-04-19,6625,"Derek Jeter",3,2,71,23
254,1998-04-19,7290,"Chuck Knoblauch",5,3,77,23
254,1998-04-19,8493,"Tino Martinez",5,1,59,21
254,1998-04-19,1589,"Scott Brosius",5,3,67,19
254,1998-04-19,3002,"Chad Curtis",0,0,9,3
254,1998-04-19,13043,"Darryl Strawberry",5,1,66,14
254,1998-04-19,14474,"Bernie F Williams",4,0,64,18
254,1998-04-19,10084,"Paul O'Neill",5,2,70,22
254,1998-04-19,10834,"Jorge Posada",4,2,60,23
269,1998-04-20,13191,"Dale Sveum",0,0,1,0
269,1998-04-20,14474,"Bernie F Williams",6,2,70,20
269,1998-04-20,10084,"Paul O'Neill",6,1,76,23
269,1998-04-20,10834,"Jorge Posada",6,1,66,24
269,1998-04-20,11038,"Tim Raines Sr",1,1,49,21
269,1998-04-20,6625,"Derek Jeter",6,4,77,27
269,1998-04-20,7290,"Chuck Knoblauch",6,2,83,25
269,1998-04-20,8493,"Tino Martinez",4,2,63,23
269,1998-04-20,1589,"Scott Brosius",5,1,72,20
269,1998-04-20,3002,"Chad Curtis",6,0,15,3
269,1998-04-20,13043,"Darryl Strawberry",5,1,71,15
275,1998-04-21,6625,"Derek Jeter",6,3,83,30
275,1998-04-21,7290,"Chuck Knoblauch",3,1,86,26
275,1998-04-21,8493,"Tino Martinez",4,1,67,24
275,1998-04-21,1589,"Scott Brosius",4,2,76,22
275,1998-04-21,3002,"Chad Curtis",0,0,15,3
275,1998-04-21,13043,"Darryl Strawberry",5,3,76,18
275,1998-04-21,14474,"Bernie F Williams",6,2,76,22
275,1998-04-21,10084,"Paul O'Neill",6,3,82,26
275,1998-04-21,10834,"Jorge Posada",4,0,70,24
275,1998-04-21,11038,"Tim Raines Sr",2,0,51,21
288,1998-04-22,10084,"Paul O'Neill",4,0,86,26
288,1998-04-22,10834,"Jorge Posada",3,1,73,25
288,1998-04-22,11038,"Tim Raines Sr",2,1,53,22
288,1998-04-22,6625,"Derek Jeter",3,1,86,31
288,1998-04-22,7290,"Chuck Knoblauch",4,0,90,26
288,1998-04-22,8493,"Tino Martinez",5,1,72,25
288,1998-04-22,1589,"Scott Brosius",3,0,79,22
288,1998-04-22,3002,"Chad Curtis",0,0,15,3
288,1998-04-22,13043,"Darryl Strawberry",4,1,80,19
288,1998-04-22,14474,"Bernie F Williams",4,2,80,24
317,1998-04-24,1589,"Scott Brosius",4,1,83,23
317,1998-04-24,3002,"Chad Curtis",0,0,15,3
317,1998-04-24,13043,"Darryl Strawberry",4,2,84,21
317,1998-04-24,14474,"Bernie F Williams",5,2,85,26
317,1998-04-24,10084,"Paul O'Neill",5,1,91,27
317,1998-04-24,10834,"Jorge Posada",4,1,77,26
317,1998-04-24,11038,"Tim Raines Sr",4,1,57,23
317,1998-04-24,6625,"Derek Jeter",5,1,91,32
317,1998-04-24,7290,"Chuck Knoblauch",3,0,93,26
317,1998-04-24,8493,"Tino Martinez",4,2,76,27
332,1998-04-25,6625,"Derek Jeter",5,1,96,33
332,1998-04-25,7290,"Chuck Knoblauch",3,2,96,28
332,1998-04-25,8493,"Tino Martinez",3,0,79,27
332,1998-04-25,1589,"Scott Brosius",3,0,86,23
332,1998-04-25,3002,"Chad Curtis",0,0,15,3
332,1998-04-25,1817,"Homer Bush",1,0,1,0
332,1998-04-25,13043,"Darryl Strawberry",4,1,88,22
332,1998-04-25,14474,"Bernie F Williams",5,5,90,31
332,1998-04-25,10084,"Paul O'Neill",5,3,96,30
332,1998-04-25,10834,"Jorge Posada",4,1,81,27
332,1998-04-25,11038,"Tim Raines Sr",4,1,61,24
347,1998-04-26,14474,"Bernie F Williams",4,1,94,32
347,1998-04-26,10084,"Paul O'Neill",4,1,100,31
347,1998-04-26,10834,"Jorge Posada",3,2,84,29
347,1998-04-26,6625,"Derek Jeter",4,0,100,33
347,1998-04-26,7290,"Chuck Knoblauch",3,1,99,29
347,1998-04-26,8493,"Tino Martinez",4,0,83,27
347,1998-04-26,1589,"Scott Brosius",4,0,90,23
347,1998-04-26,3002,"Chad Curtis",4,1,19,4
347,1998-04-26,13043,"Darryl Strawberry",4,1,92,23
360,1998-04-28,7290,"Chuck Knoblauch",4,1,106,32
360,1998-04-28,8493,"Tino Martinez",4,1,91,30
360,1998-04-28,1589,"Scott Brosius",3,2,96,25
360,1998-04-28,13043,"Darryl Strawberry",3,1,99,26
360,1998-04-28,11038,"Tim Raines Sr",3,1,67,25
360,1998-04-28,14474,"Bernie F Williams",4,0,102,35
360,1998-04-28,10084,"Paul O'Neill",3,0,107,32
360,1998-04-28,10834,"Jorge Posada",3,0,87,29
360,1998-04-28,6625,"Derek Jeter",3,1,107,34
373,1998-04-28,4895,"Joe Girardi",3,0,11,1
373,1998-04-28,12691,"Luis Sojo",1,1,5,1
373,1998-04-28,3002,"Chad Curtis",0,0,19,4
373,1998-04-28,6625,"Derek Jeter",4,0,107,34
373,1998-04-28,7290,"Chuck Knoblauch",3,2,106,32
373,1998-04-28,8493,"Tino Martinez",4,2,91,30
373,1998-04-28,1589,"Scott Brosius",3,0,96,25
373,1998-04-28,13043,"Darryl Strawberry",4,2,99,26
373,1998-04-28,11038,"Tim Raines Sr",3,0,67,25
373,1998-04-28,14474,"Bernie F Williams",4,3,102,35
373,1998-04-28,10084,"Paul O'Neill",4,1,107,32
387,1998-04-29,11038,"Tim Raines Sr",2,0,69,25
387,1998-04-29,14474,"Bernie F Williams",4,0,106,35
387,1998-04-29,10084,"Paul O'Neill",4,0,111,32
387,1998-04-29,3002,"Chad Curtis",1,0,20,4
387,1998-04-29,6625,"Derek Jeter",4,1,111,35
387,1998-04-29,7290,"Chuck Knoblauch",4,0,110,32
387,1998-04-29,8493,"Tino Martinez",4,3,95,33
387,1998-04-29,1589,"Scott Brosius",3,1,99,26
387,1998-04-29,13043,"Darryl Strawberry",4,2,103,28
387,1998-04-29,10834,"Jorge Posada",4,0,91,29
398,1998-04-30,6625,"Derek Jeter",5,3,116,38
398,1998-04-30,7290,"Chuck Knoblauch",3,0,113,32
398,1998-04-30,8493,"Tino Martinez",4,0,99,33
398,1998-04-30,1589,"Scott Brosius",4,2,103,28
398,1998-04-30,13043,"Darryl Strawberry",4,1,107,29
398,1998-04-30,10834,"Jorge Posada",4,2,95,31
398,1998-04-30,11038,"Tim Raines Sr",4,0,73,25
398,1998-04-30,14474,"Bernie F Williams",3,1,109,36
398,1998-04-30,10084,"Paul O'Neill",2,1,113,33
412,1998-05-01,10084,"Paul O'Neill",5,1,118,34
412,1998-05-01,6625,"Derek Jeter",5,0,121,38
412,1998-05-01,7290,"Chuck Knoblauch",5,3,118,35
412,1998-05-01,8493,"Tino Martinez",4,2,103,35
412,1998-05-01,1589,"Scott Brosius",5,2,108,30
412,1998-05-01,13043,"Darryl Strawberry",5,1,112,30
412,1998-05-01,10834,"Jorge Posada",5,2,100,33
412,1998-05-01,11038,"Tim Raines Sr",4,3,77,28
412,1998-05-01,3002,"Chad Curtis",0,0,20,4
412,1998-05-01,14474,"Bernie F Williams",4,2,113,38
427,1998-05-02,1589,"Scott Brosius",5,3,113,33
427,1998-05-02,13043,"Darryl Strawberry",4,2,116,32
427,1998-05-02,10834,"Jorge Posada",6,1,106,34
427,1998-05-02,11038,"Tim Raines Sr",5,2,82,30
427,1998-05-02,3002,"Chad Curtis",0,0,20,4
427,1998-05-02,14474,"Bernie F Williams",4,1,117,39
427,1998-05-02,10084,"Paul O'Neill",6,3,124,37
427,1998-05-02,6625,"Derek Jeter",6,5,127,43
427,1998-05-02,7290,"Chuck Knoblauch",6,2,124,37
427,1998-05-02,8493,"Tino Martinez",5,1,108,36
442,1998-08-17,13043,"Darryl Strawberry",5,3,412,113
442,1998-08-17,10834,"Jorge Posada",4,3,444,144
442,1998-08-17,3002,"Chad Curtis",0,0,209,59
442,1998-08-17,14474,"Bernie F Williams",5,1,350,116
442,1998-08-17,8493,"Tino Martinez",4,2,482,156
442,1998-08-17,11038,"Tim Raines Sr",5,1,254,78
442,1998-08-17,1589,"Scott Brosius",4,3,465,137
442,1998-08-17,10084,"Paul O'Neill",4,1,509,166
442,1998-08-17,6625,"Derek Jeter",6,3,533,173
442,1998-08-17,7290,"Chuck Knoblauch",6,2,401,125
468,1998-05-05,6625,"Derek Jeter",4,2,131,45
468,1998-05-05,7290,"Chuck Knoblauch",5,1,129,38
468,1998-05-05,8493,"Tino Martinez",4,0,112,36
468,1998-05-05,1589,"Scott Brosius",5,4,118,37
468,1998-05-05,13043,"Darryl Strawberry",5,3,121,35
468,1998-05-05,10834,"Jorge Posada",5,0,111,34
468,1998-05-05,3002,"Chad Curtis",5,3,25,7
468,1998-05-05,14474,"Bernie F Williams",4,2,121,41
468,1998-05-05,10084,"Paul O'Neill",4,1,128,38
483,1998-05-06,3002,"Chad Curtis",0,0,25,7
483,1998-05-06,14474,"Bernie F Williams",5,2,126,43
483,1998-05-06,10084,"Paul O'Neill",6,3,134,41
483,1998-05-06,11038,"Tim Raines Sr",4,1,86,31
483,1998-05-06,6625,"Derek Jeter",6,1,137,46
483,1998-05-06,7290,"Chuck Knoblauch",4,2,133,40
483,1998-05-06,8493,"Tino Martinez",6,2,118,38
483,1998-05-06,1589,"Scott Brosius",4,3,122,40
483,1998-05-06,13043,"Darryl Strawberry",5,3,126,38
483,1998-05-06,10834,"Jorge Posada",4,2,115,36
505,1998-05-08,7290,"Chuck Knoblauch",5,3,138,43
505,1998-05-08,8493,"Tino Martinez",5,1,123,39
505,1998-05-08,1589,"Scott Brosius",4,0,126,40
505,1998-05-08,13043,"Darryl Strawberry",2,0,128,38
505,1998-05-08,10834,"Jorge Posada",4,1,119,37
505,1998-05-08,3002,"Chad Curtis",0,0,25,7
505,1998-05-08,14474,"Bernie F Williams",5,1,131,44
505,1998-05-08,10084,"Paul O'Neill",4,2,138,43
505,1998-05-08,1817,"Homer Bush",2,1,3,1
505,1998-05-08,11038,"Tim Raines Sr",5,3,91,34
505,1998-05-08,6625,"Derek Jeter",6,4,143,50
520,1998-05-09,12755,"Shane Spencer",4,1,4,1
520,1998-05-09,6625,"Derek Jeter",5,2,148,52
520,1998-05-09,7290,"Chuck Knoblauch",4,1,142,44
520,1998-05-09,8493,"Tino Martinez",4,2,127,41
520,1998-05-09,1589,"Scott Brosius",4,1,130,41
520,1998-05-09,10834,"Jorge Posada",4,0,123,37
520,1998-05-09,3002,"Chad Curtis",4,0,29,7
520,1998-05-09,14474,"Bernie F Williams",4,3,135,47
520,1998-05-09,10084,"Paul O'Neill",4,3,142,46
535,1998-05-10,8493,"Tino Martinez",6,3,133,44
535,1998-05-10,3002,"Chad Curtis",4,2,33,9
535,1998-05-10,14474,"Bernie F Williams",4,3,139,50
535,1998-05-10,3145,"Chili Davis",1,0,1,0
535,1998-05-10,10084,"Paul O'Neill",3,1,145,47
535,1998-05-10,12755,"Shane Spencer",4,0,8,1
535,1998-05-10,6625,"Derek Jeter",5,1,153,53
535,1998-05-10,7290,"Chuck Knoblauch",4,4,146,48
535,1998-05-10,7696,"Ricky Ledee",0,0,0,0
535,1998-05-10,1589,"Scott Brosius",6,2,136,43
535,1998-05-10,10834,"Jorge Posada",6,1,129,38
548,1998-05-11,6625,"Derek Jeter",4,1,157,54
548,1998-05-11,7290,"Chuck Knoblauch",4,1,150,49
548,1998-05-11,1589,"Scott Brosius",4,2,140,45
548,1998-05-11,10834,"Jorge Posada",3,1,132,39
548,1998-05-11,8493,"Tino Martinez",3,0,136,44
548,1998-05-11,3002,"Chad Curtis",3,1,36,10
548,1998-05-11,14474,"Bernie F Williams",3,1,142,51
548,1998-05-11,10084,"Paul O'Neill",4,2,149,49
548,1998-05-11,12755,"Shane Spencer",4,2,12,3
560,1998-05-12,10084,"Paul O'Neill",4,1,153,50
560,1998-05-12,12755,"Shane Spencer",4,0,16,3
560,1998-05-12,6625,"Derek Jeter",3,0,160,54
560,1998-05-12,7290,"Chuck Knoblauch",2,0,152,49
560,1998-05-12,1589,"Scott Brosius",4,0,144,45
560,1998-05-12,10834,"Jorge Posada",4,0,136,39
560,1998-05-12,8493,"Tino Martinez",4,1,140,45
560,1998-05-12,3002,"Chad Curtis",4,2,40,12
560,1998-05-12,14474,"Bernie F Williams",4,2,146,53
576,1998-05-13,1589,"Scott Brosius",4,2,148,47
576,1998-05-13,10834,"Jorge Posada",4,1,140,40
576,1998-05-13,8493,"Tino Martinez",3,2,143,47
576,1998-05-13,7696,"Ricky Ledee",3,1,3,1
576,1998-05-13,3002,"Chad Curtis",2,1,42,13
576,1998-05-13,14474,"Bernie F Williams",1,1,147,54
576,1998-05-13,10084,"Paul O'Neill",3,0,156,50
576,1998-05-13,12755,"Shane Spencer",4,2,20,5
576,1998-05-13,6625,"Derek Jeter",5,2,165,56
576,1998-05-13,7290,"Chuck Knoblauch",5,2,157,51
591,1998-05-14,6625,"Derek Jeter",4,2,169,58
591,1998-05-14,7290,"Chuck Knoblauch",4,1,161,52
591,1998-05-14,1589,"Scott Brosius",4,2,152,49
591,1998-05-14,4895,"Joe Girardi",4,1,15,2
591,1998-05-14,8493,"Tino Martinez",4,2,147,49
591,1998-05-14,3002,"Chad Curtis",4,1,46,14
591,1998-05-14,14474,"Bernie F Williams",4,0,151,54
591,1998-05-14,10084,"Paul O'Neill",3,1,159,51
591,1998-05-14,12755,"Shane Spencer",3,0,23,5
607,1998-05-15,3002,"Chad Curtis",4,3,50,17
607,1998-05-15,14474,"Bernie F Williams",3,1,154,55
607,1998-05-15,10084,"Paul O'Neill",4,1,163,52
607,1998-05-15,12755,"Shane Spencer",3,0,26,5
607,1998-05-15,10834,"Jorge Posada",5,3,145,43
607,1998-05-15,6625,"Derek Jeter",4,1,173,59
607,1998-05-15,7290,"Chuck Knoblauch",5,1,166,53
607,1998-05-15,1589,"Scott Brosius",4,1,156,50
607,1998-05-15,8493,"Tino Martinez",3,2,150,51
622,1998-05-16,7290,"Chuck Knoblauch",4,1,170,54
622,1998-05-16,1589,"Scott Brosius",4,3,160,53
622,1998-05-16,8493,"Tino Martinez",4,1,154,52
622,1998-05-16,3002,"Chad Curtis",4,0,54,17
622,1998-05-16,14474,"Bernie F Williams",3,0,157,55
622,1998-05-16,10084,"Paul O'Neill",2,1,165,53
622,1998-05-16,12755,"Shane Spencer",4,0,30,5
622,1998-05-16,10834,"Jorge Posada",4,2,149,45
622,1998-05-16,6625,"Derek Jeter",4,1,177,60
637,1998-05-17,12755,"Shane Spencer",5,0,35,5
637,1998-05-17,10834,"Jorge Posada",5,1,154,46
637,1998-05-17,6625,"Derek Jeter",5,2,182,62
637,1998-05-17,7290,"Chuck Knoblauch",5,1,175,55
637,1998-05-17,1589,"Scott Brosius",4,2,164,55
637,1998-05-17,8493,"Tino Martinez",5,1,159,53
637,1998-05-17,3002,"Chad Curtis",4,1,58,18
637,1998-05-17,14474,"Bernie F Williams",6,1,163,56
637,1998-05-17,10084,"Paul O'Neill",5,0,170,53
659,1998-05-19,8493,"Tino Martinez",4,2,163,55
659,1998-05-19,3002,"Chad Curtis",4,1,62,19
659,1998-05-19,14474,"Bernie F Williams",3,2,166,58
659,1998-05-19,10084,"Paul O'Neill",2,1,172,54
659,1998-05-19,12755,"Shane Spencer",4,0,39,5
659,1998-05-19,10834,"Jorge Posada",3,2,157,48
659,1998-05-19,6625,"Derek Jeter",5,1,187,63
659,1998-05-19,7290,"Chuck Knoblauch",4,1,179,56
659,1998-05-19,1589,"Scott Brosius",2,1,166,56
672,1998-05-20,6625,"Derek Jeter",4,1,191,64
672,1998-05-20,7290,"Chuck Knoblauch",4,1,183,57
672,1998-05-20,1589,"Scott Brosius",3,1,169,57
672,1998-05-20,8493,"Tino Martinez",4,0,167,55
672,1998-05-20,3002,"Chad Curtis",1,1,63,20
672,1998-05-20,14474,"Bernie F Williams",4,0,170,58
672,1998-05-20,12755,"Shane Spencer",3,1,42,6
672,1998-05-20,10084,"Paul O'Neill",4,0,176,54
672,1998-05-20,10834,"Jorge Posada",4,1,161,49
686,1998-05-21,12755,"Shane Spencer",4,0,46,6
686,1998-05-21,10084,"Paul O'Neill",4,0,180,54
686,1998-05-21,10834,"Jorge Posada",4,0,165,49
686,1998-05-21,6625,"Derek Jeter",4,2,195,66
686,1998-05-21,7290,"Chuck Knoblauch",5,2,188,59
686,1998-05-21,1589,"Scott Brosius",4,1,173,58
686,1998-05-21,8493,"Tino Martinez",3,2,170,57
686,1998-05-21,3002,"Chad Curtis",4,2,67,22
686,1998-05-21,14474,"Bernie F Williams",4,1,174,59
700,1998-05-22,1589,"Scott Brosius",5,2,178,60
700,1998-05-22,8493,"Tino Martinez",4,1,174,58
700,1998-05-22,3002,"Chad Curtis",5,0,72,22
700,1998-05-22,14474,"Bernie F Williams",4,3,178,62
700,1998-05-22,12755,"Shane Spencer",4,1,50,7
700,1998-05-22,10084,"Paul O'Neill",5,2,185,56
700,1998-05-22,10834,"Jorge Posada",4,0,169,49
700,1998-05-22,6625,"Derek Jeter",5,3,200,69
700,1998-05-22,7290,"Chuck Knoblauch",5,1,193,60
715,1998-05-23,10834,"Jorge Posada",5,1,174,50
715,1998-05-23,6625,"Derek Jeter",6,4,206,73
715,1998-05-23,1817,"Homer Bush",1,1,4,2
715,1998-05-23,7290,"Chuck Knoblauch",5,2,198,62
715,1998-05-23,1589,"Scott Brosius",4,2,182,62
715,1998-05-23,8493,"Tino Martinez",5,2,179,60
715,1998-05-23,7696,"Ricky Ledee",1,0,4,1
715,1998-05-23,3002,"Chad Curtis",3,1,75,23
715,1998-05-23,14474,"Bernie F Williams",6,3,184,65
715,1998-05-23,12755,"Shane Spencer",5,0,55,7
715,1998-05-23,10084,"Paul O'Neill",5,4,190,60
730,1998-05-24,3002,"Chad Curtis",4,0,79,23
730,1998-05-24,14474,"Bernie F Williams",4,1,188,66
730,1998-05-24,12755,"Shane Spencer",4,1,59,8
730,1998-05-24,10084,"Paul O'Neill",5,3,195,63
730,1998-05-24,6625,"Derek Jeter",5,2,211,75
730,1998-05-24,7290,"Chuck Knoblauch",5,2,203,64
730,1998-05-24,1589,"Scott Brosius",3,0,185,62
730,1998-05-24,4895,"Joe Girardi",3,0,18,2
730,1998-05-24,8493,"Tino Martinez",4,1,183,61
746,1998-05-25,7290,"Chuck Knoblauch",5,2,208,66
746,1998-05-25,1589,"Scott Brosius",4,1,189,63
746,1998-05-25,8493,"Tino Martinez",4,2,187,63
746,1998-05-25,3002,"Chad Curtis",4,1,83,24
746,1998-05-25,14474,"Bernie F Williams",4,0,192,66
746,1998-05-25,10834,"Jorge Posada",4,2,178,52
746,1998-05-25,12755,"Shane Spencer",3,0,62,8
746,1998-05-25,10084,"Paul O'Neill",4,1,199,64
746,1998-05-25,6625,"Derek Jeter",4,1,215,76
759,1998-05-26,12755,"Shane Spencer",5,1,67,9
759,1998-05-26,10084,"Paul O'Neill",4,1,203,65
759,1998-05-26,6625,"Derek Jeter",5,2,220,78
759,1998-05-26,7290,"Chuck Knoblauch",6,3,214,69
759,1998-05-26,1589,"Scott Brosius",5,3,194,66
759,1998-05-26,8493,"Tino Martinez",6,0,193,63
759,1998-05-26,3002,"Chad Curtis",5,0,88,24
759,1998-05-26,14474,"Bernie F Williams",6,1,198,67
759,1998-05-26,10834,"Jorge Posada",4,1,182,53
769,1998-05-27,8493,"Tino Martinez",4,3,197,66
769,1998-05-27,3002,"Chad Curtis",6,2,94,26
769,1998-05-27,14474,"Bernie F Williams",2,1,200,68
769,1998-05-27,10834,"Jorge Posada",5,1,187,54
769,1998-05-27,13191,"Dale Sveum",1,0,2,0
769,1998-05-27,12755,"Shane Spencer",5,1,72,10
769,1998-05-27,10084,"Paul O'Neill",4,1,207,66
769,1998-05-27,3145,"Chili Davis",0,0,1,0
769,1998-05-27,6625,"Derek Jeter",5,3,225,81
769,1998-05-27,7290,"Chuck Knoblauch",5,2,219,71
769,1998-05-27,1589,"Scott Brosius",6,2,200,68
769,1998-05-27,7696,"Ricky Ledee",3,2,7,3
781,1998-05-28,7290,"Chuck Knoblauch",3,0,222,71
781,1998-05-28,1589,"Scott Brosius",4,1,204,69
781,1998-05-28,7696,"Ricky Ledee",4,0,11,3
781,1998-05-28,8493,"Tino Martinez",3,1,200,67
781,1998-05-28,3002,"Chad Curtis",3,1,97,27
781,1998-05-28,1817,"Homer Bush",3,0,7,2
781,1998-05-28,10834,"Jorge Posada",4,1,191,55
781,1998-05-28,12755,"Shane Spencer",4,0,76,10
781,1998-05-28,10084,"Paul O'Neill",4,3,211,69
791,1998-05-29,6625,"Derek Jeter",4,1,229,82
791,1998-05-29,4895,"Joe Girardi",3,0,21,2
791,1998-05-29,12755,"Shane Spencer",3,1,79,11
791,1998-05-29,10084,"Paul O'Neill",4,1,215,70
791,1998-05-29,1589,"Scott Brosius",4,0,208,69
791,1998-05-29,7696,"Ricky Ledee",3,0,14,3
791,1998-05-29,8493,"Tino Martinez",4,1,204,68
791,1998-05-29,3002,"Chad Curtis",4,0,101,27
791,1998-05-29,1817,"Homer Bush",3,3,10,5
806,1998-05-30,7696,"Ricky Ledee",4,1,18,4
806,1998-05-30,8493,"Tino Martinez",3,1,207,69
806,1998-05-30,3002,"Chad Curtis",4,0,105,27
806,1998-05-30,1817,"Homer Bush",3,1,13,6
806,1998-05-30,6625,"Derek Jeter",4,1,233,83
806,1998-05-30,7290,"Chuck Knoblauch",2,1,224,72
806,1998-05-30,12755,"Shane Spencer",4,0,83,11
806,1998-05-30,10084,"Paul O'Neill",4,3,219,73
806,1998-05-30,10834,"Jorge Posada",4,2,195,57
821,1998-05-31,1589,"Scott Brosius",5,2,213,71
821,1998-05-31,10834,"Jorge Posada",3,0,198,57
821,1998-05-31,7696,"Ricky Ledee",4,2,22,6
821,1998-05-31,8493,"Tino Martinez",5,1,212,70
821,1998-05-31,13043,"Darryl Strawberry",3,1,131,39
821,1998-05-31,3002,"Chad Curtis",3,3,108,30
821,1998-05-31,6625,"Derek Jeter",4,0,237,83
821,1998-05-31,7290,"Chuck Knoblauch",4,2,228,74
821,1998-05-31,12755,"Shane Spencer",4,1,87,12
836,1998-06-01,6625,"Derek Jeter",3,1,240,84
836,1998-06-01,7290,"Chuck Knoblauch",4,1,232,75
836,1998-06-01,12755,"Shane Spencer",3,0,90,12
836,1998-06-01,1589,"Scott Brosius",3,1,216,72
836,1998-06-01,10834,"Jorge Posada",3,0,201,57
836,1998-06-01,7696,"Ricky Ledee",4,0,26,6
836,1998-06-01,8493,"Tino Martinez",3,0,215,70
836,1998-06-01,13043,"Darryl Strawberry",4,0,135,39
836,1998-06-01,10084,"Paul O'Neill",4,1,223,74
850,1998-06-02,3002,"Chad Curtis",2,0,110,30
850,1998-06-02,10834,"Jorge Posada",3,1,204,58
850,1998-06-02,8493,"Tino Martinez",4,0,219,70
850,1998-06-02,13043,"Darryl Strawberry",4,3,139,42
850,1998-06-02,10084,"Paul O'Neill",5,3,228,77
850,1998-06-02,6625,"Derek Jeter",5,3,245,87
850,1998-06-02,7290,"Chuck Knoblauch",5,0,237,75
850,1998-06-02,12755,"Shane Spencer",4,1,94,13
850,1998-06-02,1589,"Scott Brosius",3,0,219,72
865,1998-06-03,7290,"Chuck Knoblauch",5,2,242,77
865,1998-06-03,12755,"Shane Spencer",4,0,98,13
865,1998-06-03,1589,"Scott Brosius",1,0,220,72
865,1998-06-03,3002,"Chad Curtis",3,0,113,30
865,1998-06-03,4895,"Joe Girardi",4,3,25,5
865,1998-06-03,8493,"Tino Martinez",4,0,223,70
865,1998-06-03,13043,"Darryl Strawberry",3,0,142,42
865,1998-06-03,10084,"Paul O'Neill",4,1,232,78
865,1998-06-03,6625,"Derek Jeter",3,3,248,90
880,1998-06-04,8493,"Tino Martinez",4,1,227,71
880,1998-06-04,13043,"Darryl Strawberry",2,0,144,42
880,1998-06-04,10084,"Paul O'Neill",4,2,236,80
880,1998-06-04,6625,"Derek Jeter",3,1,251,91
880,1998-06-04,7290,"Chuck Knoblauch",3,1,245,78
880,1998-06-04,10834,"Jorge Posada",3,1,207,59
880,1998-06-04,12755,"Shane Spencer",3,1,101,14
880,1998-06-04,1589,"Scott Brosius",4,0,224,72
880,1998-06-04,3002,"Chad Curtis",3,0,116,30
891,1998-06-05,3002,"Chad Curtis",3,0,119,30
891,1998-06-05,8493,"Tino Martinez",4,1,231,72
891,1998-06-05,13043,"Darryl Strawberry",5,0,149,42
891,1998-06-05,10084,"Paul O'Neill",3,2,239,82
891,1998-06-05,6625,"Derek Jeter",6,0,257,91
891,1998-06-05,7290,"Chuck Knoblauch",5,1,250,79
891,1998-06-05,10834,"Jorge Posada",4,0,211,59
891,1998-06-05,12755,"Shane Spencer",5,1,106,15
891,1998-06-05,1589,"Scott Brosius",4,0,228,72
906,1998-06-06,7290,"Chuck Knoblauch",5,3,255,82
906,1998-06-06,10834,"Jorge Posada",5,2,216,61
906,1998-06-06,12755,"Shane Spencer",4,1,110,16
906,1998-06-06,1589,"Scott Brosius",3,1,231,73
906,1998-06-06,3002,"Chad Curtis",4,2,123,32
906,1998-06-06,1817,"Homer Bush",4,1,17,7
906,1998-06-06,8493,"Tino Martinez",5,4,236,76
906,1998-06-06,13043,"Darryl Strawberry",4,0,153,42
906,1998-06-06,10084,"Paul O'Neill",5,1,244,83
921,1998-06-07,6625,"Derek Jeter",5,1,262,92
921,1998-06-07,1817,"Homer Bush",3,1,20,8
921,1998-06-07,8493,"Tino Martinez",4,0,240,76
921,1998-06-07,10084,"Paul O'Neill",4,2,248,85
921,1998-06-07,13043,"Darryl Strawberry",4,1,157,43
921,1998-06-07,10834,"Jorge Posada",4,3,220,64
921,1998-06-07,12755,"Shane Spencer",2,0,112,16
921,1998-06-07,1589,"Scott Brosius",3,1,234,74
921,1998-06-07,3002,"Chad Curtis",3,1,126,33
954,1998-06-09,1589,"Scott Brosius",4,2,238,76
954,1998-06-09,3002,"Chad Curtis",3,1,129,34
954,1998-06-09,6625,"Derek Jeter",4,1,266,93
954,1998-06-09,1817,"Homer Bush",1,0,21,8
954,1998-06-09,8493,"Tino Martinez",3,2,243,78
954,1998-06-09,10084,"Paul O'Neill",4,0,252,85
954,1998-06-09,7290,"Chuck Knoblauch",3,0,258,82
954,1998-06-09,13043,"Darryl Strawberry",4,0,161,43
954,1998-06-09,2586,"David Cone",3,0,3,0
954,1998-06-09,10834,"Jorge Posada",3,0,223,64
954,1998-06-09,12755,"Shane Spencer",1,0,113,16
969,1998-06-10,14260,"David Wells",3,0,3,0
969,1998-06-10,4895,"Joe Girardi",1,1,26,6
969,1998-06-10,10834,"Jorge Posada",6,1,229,65
969,1998-06-10,12755,"Shane Spencer",1,0,114,16
969,1998-06-10,1589,"Scott Brosius",4,2,242,78
969,1998-06-10,3002,"Chad Curtis",4,1,133,35
969,1998-06-10,13191,"Dale Sveum",1,0,3,0
969,1998-06-10,6625,"Derek Jeter",6,2,272,95
969,1998-06-10,9832,"Jeff Nelson",0,0,0,0
969,1998-06-10,1817,"Homer Bush",0,0,21,8
969,1998-06-10,11405,"Mariano Rivera",1,0,1,0
969,1998-06-10,8493,"Tino Martinez",5,3,248,81
969,1998-06-10,10084,"Paul O'Neill",4,1,256,86
969,1998-06-10,7290,"Chuck Knoblauch",6,3,264,85
969,1998-06-10,13043,"Darryl Strawberry",5,1,166,44
979,1998-06-11,3002,"Chad Curtis",4,1,137,36
979,1998-06-11,6625,"Derek Jeter",5,2,277,97
979,1998-06-11,11405,"Mariano Rivera",0,0,1,0
979,1998-06-11,8493,"Tino Martinez",4,1,252,82
979,1998-06-11,10084,"Paul O'Neill",4,2,260,88
979,1998-06-11,7290,"Chuck Knoblauch",5,2,269,87
979,1998-06-11,13043,"Darryl Strawberry",3,1,169,45
979,1998-06-11,6182,"Darren Holmes",0,0,0,0
979,1998-06-11,10834,"Jorge Posada",4,1,233,66
979,1998-06-11,12755,"Shane Spencer",1,0,115,16
979,1998-06-11,1589,"Scott Brosius",3,1,245,79
979,1998-06-11,10622,"Andy Pettitte",3,0,3,0
982,1998-06-12,10834,"Jorge Posada",4,1,237,67
982,1998-06-12,12755,"Shane Spencer",3,1,118,17
982,1998-06-12,1589,"Scott Brosius",3,1,248,80
982,1998-06-12,3002,"Chad Curtis",4,0,141,36
982,1998-06-12,6625,"Derek Jeter",5,1,282,98
982,1998-06-12,8493,"Tino Martinez",4,1,256,83
982,1998-06-12,10084,"Paul O'Neill",4,1,264,89
982,1998-06-12,7290,"Chuck Knoblauch",3,3,272,90
982,1998-06-12,13043,"Darryl Strawberry",4,3,173,48
997,1998-06-13,8493,"Tino Martinez",4,0,260,83
997,1998-06-13,10084,"Paul O'Neill",4,1,268,90
997,1998-06-13,7290,"Chuck Knoblauch",2,0,274,90
997,1998-06-13,13043,"Darryl Strawberry",2,0,175,48
997,1998-06-13,12755,"Shane Spencer",2,1,120,18
997,1998-06-13,1589,"Scott Brosius",4,0,252,80
997,1998-06-13,4895,"Joe Girardi",3,1,29,7
997,1998-06-13,3002,"Chad Curtis",4,2,145,38
997,1998-06-13,6625,"Derek Jeter",4,2,286,100
1012,1998-06-14,3002,"Chad Curtis",2,1,147,39
1012,1998-06-14,6625,"Derek Jeter",5,2,291,102
1012,1998-06-14,10834,"Jorge Posada",6,1,243,68
1012,1998-06-14,8493,"Tino Martinez",5,2,265,85
1012,1998-06-14,10084,"Paul O'Neill",6,3,274,93
1012,1998-06-14,7290,"Chuck Knoblauch",4,1,278,91
1012,1998-06-14,13043,"Darryl Strawberry",4,1,179,49
1012,1998-06-14,12755,"Shane Spencer",3,1,123,19
1012,1998-06-14,1589,"Scott Brosius",4,2,256,82
1026,1998-06-15,12755,"Shane Spencer",4,2,127,21
1026,1998-06-15,1589,"Scott Brosius",4,1,260,83
1026,1998-06-15,3002,"Chad Curtis",3,2,150,41
1026,1998-06-15,6625,"Derek Jeter",5,3,296,105
1026,1998-06-15,10834,"Jorge Posada",5,1,248,69
1026,1998-06-15,8493,"Tino Martinez",5,2,270,87
1026,1998-06-15,10084,"Paul O'Neill",5,1,279,94
1026,1998-06-15,7290,"Chuck Knoblauch",5,0,283,91
1026,1998-06-15,13043,"Darryl Strawberry",4,1,183,50
1036,1998-06-16,6625,"Derek Jeter",6,1,302,106
1036,1998-06-16,10834,"Jorge Posada",9,5,257,74
1036,1998-06-16,8493,"Tino Martinez",7,1,277,88
1036,1998-06-16,10084,"Paul O'Neill",8,1,287,95
1036,1998-06-16,7290,"Chuck Knoblauch",4,1,287,92
1036,1998-06-16,13043,"Darryl Strawberry",7,1,190,51
1036,1998-06-16,11038,"Tim Raines Sr",7,0,98,34
1036,1998-06-16,12755,"Shane Spencer",0,0,127,21
1036,1998-06-16,1589,"Scott Brosius",7,4,267,87
1036,1998-06-16,3002,"Chad Curtis",7,3,157,44
1051,1998-06-17,1817,"Homer Bush",4,0,25,8
1051,1998-06-17,3002,"Chad Curtis",3,0,160,44
1051,1998-06-17,6625,"Derek Jeter",3,1,305,107
1051,1998-06-17,10834,"Jorge Posada",3,1,260,75
1051,1998-06-17,8493,"Tino Martinez",4,1,281,89
1051,1998-06-17,7290,"Chuck Knoblauch",3,0,290,92
1051,1998-06-17,13043,"Darryl Strawberry",4,1,194,52
1051,1998-06-17,11038,"Tim Raines Sr",3,0,101,34
1051,1998-06-17,12755,"Shane Spencer",4,0,131,21
1069,1998-06-18,4895,"Joe Girardi",3,2,32,9
1069,1998-06-18,11038,"Tim Raines Sr",3,0,104,34
1069,1998-06-18,1589,"Scott Brosius",3,1,270,88
1069,1998-06-18,12755,"Shane Spencer",1,0,132,21
1069,1998-06-18,10084,"Paul O'Neill",3,1,290,96
1069,1998-06-18,3002,"Chad Curtis",3,1,163,45
1069,1998-06-18,6625,"Derek Jeter",5,1,310,108
1069,1998-06-18,8493,"Tino Martinez",4,1,285,90
1069,1998-06-18,7290,"Chuck Knoblauch",5,0,295,92
1069,1998-06-18,13043,"Darryl Strawberry",3,0,197,52
1084,1998-06-19,8493,"Tino Martinez",4,2,289,92
1084,1998-06-19,7290,"Chuck Knoblauch",5,1,300,93
1084,1998-06-19,13043,"Darryl Strawberry",4,2,201,54
1084,1998-06-19,11038,"Tim Raines Sr",3,2,107,36
1084,1998-06-19,1589,"Scott Brosius",4,0,274,88
1084,1998-06-19,1817,"Homer Bush",4,1,29,9
1084,1998-06-19,12755,"Shane Spencer",3,0,135,21
1084,1998-06-19,10834,"Jorge Posada",5,2,265,77
1084,1998-06-19,10084,"Paul O'Neill",4,3,294,99
1099,1998-06-20,12755,"Shane Spencer",4,1,139,22
1099,1998-06-20,13191,"Dale Sveum",1,0,4,0
1099,1998-06-20,6625,"Derek Jeter",4,2,314,110
1099,1998-06-20,10834,"Jorge Posada",3,1,268,78
1099,1998-06-20,10084,"Paul O'Neill",4,1,298,100
1099,1998-06-20,12691,"Luis Sojo",3,1,8,2
1099,1998-06-20,7290,"Chuck Knoblauch",4,2,304,95
1099,1998-06-20,13043,"Darryl Strawberry",5,1,206,55
1099,1998-06-20,11038,"Tim Raines Sr",4,0,111,36
1099,1998-06-20,1589,"Scott Brosius",4,2,278,90
1099,1998-06-20,1817,"Homer Bush",1,0,30,9
1114,1998-06-21,3002,"Chad Curtis",4,0,167,45
1114,1998-06-21,13043,"Darryl Strawberry",4,0,210,55
1114,1998-06-21,11038,"Tim Raines Sr",3,1,114,37
1114,1998-06-21,1589,"Scott Brosius",3,1,281,91
1114,1998-06-21,1817,"Homer Bush",4,1,34,10
1114,1998-06-21,12755,"Shane Spencer",0,0,139,22
1114,1998-06-21,6625,"Derek Jeter",4,2,318,112
1114,1998-06-21,10834,"Jorge Posada",4,3,272,81
1114,1998-06-21,8493,"Tino Martinez",4,1,293,93
1114,1998-06-21,10084,"Paul O'Neill",5,1,303,101
1128,1998-06-22,8493,"Tino Martinez",4,1,297,94
1128,1998-06-22,10084,"Paul O'Neill",5,2,308,103
1128,1998-06-22,7290,"Chuck Knoblauch",3,1,307,96
1128,1998-06-22,3002,"Chad Curtis",4,0,171,45
1128,1998-06-22,13043,"Darryl Strawberry",4,0,214,55
1128,1998-06-22,11038,"Tim Raines Sr",4,0,118,37
1128,1998-06-22,1589,"Scott Brosius",3,0,284,91
1128,1998-06-22,6625,"Derek Jeter",5,2,323,114
1128,1998-06-22,10834,"Jorge Posada",4,3,276,84
1143,1998-06-23,6625,"Derek Jeter",4,2,327,116
1143,1998-06-23,4895,"Joe Girardi",3,1,35,10
1143,1998-06-23,8493,"Tino Martinez",4,1,301,95
1143,1998-06-23,10084,"Paul O'Neill",5,0,313,103
1143,1998-06-23,7290,"Chuck Knoblauch",5,1,312,97
1143,1998-06-23,3002,"Chad Curtis",2,1,173,46
1143,1998-06-23,13043,"Darryl Strawberry",4,1,218,56
1143,1998-06-23,11038,"Tim Raines Sr",4,2,122,39
1143,1998-06-23,1589,"Scott Brosius",4,0,288,91
1161,1998-06-24,3002,"Chad Curtis",4,2,177,48
1161,1998-06-24,13043,"Darryl Strawberry",3,0,221,56
1161,1998-06-24,11038,"Tim Raines Sr",1,1,123,40
1161,1998-06-24,1589,"Scott Brosius",3,2,291,93
1161,1998-06-24,10834,"Jorge Posada",4,0,280,84
1161,1998-06-24,11405,"Mariano Rivera",0,0,1,0
1161,1998-06-24,6625,"Derek Jeter",4,1,331,117
1161,1998-06-24,8493,"Tino Martinez",4,0,305,95
1161,1998-06-24,12755,"Shane Spencer",0,0,139,22
1161,1998-06-24,10084,"Paul O'Neill",4,1,317,104
1161,1998-06-24,7290,"Chuck Knoblauch",3,1,315,98
1161,1998-06-24,6483,"Hideki Irabu",3,0,3,0
1176,1998-06-25,6625,"Derek Jeter",5,0,336,117
1176,1998-06-25,9063,"Ramiro Mendoza",0,0,0,0
1176,1998-06-25,7943,"Graeme Lloyd",0,0,0,0
1176,1998-06-25,8493,"Tino Martinez",4,1,309,96
1176,1998-06-25,9832,"Jeff Nelson",0,0,0,0
1176,1998-06-25,12755,"Shane Spencer",1,0,140,22
1176,1998-06-25,10084,"Paul O'Neill",5,1,322,105
1176,1998-06-25,7290,"Chuck Knoblauch",2,0,317,98
1176,1998-06-25,14260,"David Wells",1,1,4,1
1176,1998-06-25,3002,"Chad Curtis",2,0,179,48
1176,1998-06-25,13043,"Darryl Strawberry",4,1,225,57
1176,1998-06-25,10834,"Jorge Posada",4,2,284,86
1176,1998-06-25,1817,"Homer Bush",4,2,38,12
1176,1998-06-25,6182,"Darren Holmes",0,0,0,0
1176,1998-06-25,11405,"Mariano Rivera",0,0,1,0
1194,1998-06-26,10834,"Jorge Posada",4,2,288,88
1194,1998-06-26,1817,"Homer Bush",0,0,38,12
1194,1998-06-26,6182,"Darren Holmes",0,0,0,0
1194,1998-06-26,12855,"Mike Stanton",0,0,0,0
1194,1998-06-26,10622,"Andy Pettitte",3,1,6,1
1194,1998-06-26,6625,"Derek Jeter",5,2,341,119
1194,1998-06-26,9063,"Ramiro Mendoza",0,0,0,0
1194,1998-06-26,7943,"Graeme Lloyd",0,0,0,0
1194,1998-06-26,8493,"Tino Martinez",5,3,314,99
1194,1998-06-26,9832,"Jeff Nelson",0,0,0,0
1194,1998-06-26,12755,"Shane Spencer",4,0,144,22
1194,1998-06-26,7290,"Chuck Knoblauch",3,2,320,100
1194,1998-06-26,11038,"Tim Raines Sr",1,0,124,40
1194,1998-06-26,1589,"Scott Brosius",5,0,296,93
1194,1998-06-26,12691,"Luis Sojo",2,0,10,2
1194,1998-06-26,3002,"Chad Curtis",4,1,183,49
1194,1998-06-26,13043,"Darryl Strawberry",4,0,229,57
1209,1998-06-27,5906,"Orlando Hernandez",3,0,3,0
1209,1998-06-27,11038,"Tim Raines Sr",1,0,125,40
1209,1998-06-27,1589,"Scott Brosius",2,0,298,93
1209,1998-06-27,3002,"Chad Curtis",1,0,184,49
1209,1998-06-27,13043,"Darryl Strawberry",4,1,233,58
1209,1998-06-27,11405,"Mariano Rivera",0,0,1,0
1209,1998-06-27,10834,"Jorge Posada",4,2,292,90
1209,1998-06-27,1817,"Homer Bush",5,1,43,13
1209,1998-06-27,10084,"Paul O'Neill",4,1,326,106
1209,1998-06-27,6625,"Derek Jeter",4,0,345,119
1209,1998-06-27,8493,"Tino Martinez",4,1,318,100
1209,1998-06-27,12755,"Shane Spencer",3,1,147,23
1224,1998-06-28,2586,"David Cone",3,0,6,0
1224,1998-06-28,6625,"Derek Jeter",4,2,349,121
1224,1998-06-28,8493,"Tino Martinez",2,0,320,100
1224,1998-06-28,12755,"Shane Spencer",4,1,151,24
1224,1998-06-28,11038,"Tim Raines Sr",0,0,125,40
1224,1998-06-28,1589,"Scott Brosius",4,2,302,95
1224,1998-06-28,13191,"Dale Sveum",2,0,6,0
1224,1998-06-28,6182,"Darren Holmes",0,0,0,0
1224,1998-06-28,13043,"Darryl Strawberry",4,0,237,58
1224,1998-06-28,4895,"Joe Girardi",3,0,38,10
1224,1998-06-28,1817,"Homer Bush",4,0,47,13
1224,1998-06-28,3145,"Chili Davis",1,0,2,0
1224,1998-06-28,10084,"Paul O'Neill",5,3,331,109
1233,1998-06-30,13043,"Darryl Strawberry",4,1,241,59
1233,1998-06-30,1817,"Homer Bush",4,1,51,14
1233,1998-06-30,10084,"Paul O'Neill",4,0,335,109
1233,1998-06-30,6625,"Derek Jeter",4,2,353,123
1233,1998-06-30,8493,"Tino Martinez",4,1,324,101
1233,1998-06-30,12755,"Shane Spencer",4,0,155,24
1233,1998-06-30,11038,"Tim Raines Sr",3,1,128,41
1233,1998-06-30,1589,"Scott Brosius",4,1,306,96
1233,1998-06-30,10834,"Jorge Posada",4,1,296,91
1248,1998-07-01,8493,"Tino Martinez",3,1,327,102
1248,1998-07-01,12755,"Shane Spencer",4,1,159,25
1248,1998-07-01,11038,"Tim Raines Sr",4,1,132,42
1248,1998-07-01,1589,"Scott Brosius",3,1,309,97
1248,1998-07-01,10834,"Jorge Posada",3,1,299,92
1248,1998-07-01,7696,"Ricky Ledee",0,0,26,6
1248,1998-07-01,13043,"Darryl Strawberry",4,1,245,60
1248,1998-07-01,1817,"Homer Bush",5,2,56,16
1248,1998-07-01,10084,"Paul O'Neill",3,1,338,110
1248,1998-07-01,6625,"Derek Jeter",5,2,358,125
1263,1998-07-02,1817,"Homer Bush",4,0,60,16
1263,1998-07-02,10084,"Paul O'Neill",3,1,341,111
1263,1998-07-02,6625,"Derek Jeter",3,0,361,125
1263,1998-07-02,8493,"Tino Martinez",3,0,330,102
1263,1998-07-02,12755,"Shane Spencer",3,0,162,25
1263,1998-07-02,11038,"Tim Raines Sr",3,0,135,42
1263,1998-07-02,1589,"Scott Brosius",3,0,312,97
1263,1998-07-02,10834,"Jorge Posada",3,0,302,92
1263,1998-07-02,13043,"Darryl Strawberry",3,1,248,61
1277,1998-07-03,13043,"Darryl Strawberry",4,1,252,62
1277,1998-07-03,1817,"Homer Bush",4,3,64,19
1277,1998-07-03,10084,"Paul O'Neill",4,2,345,113
1277,1998-07-03,6625,"Derek Jeter",4,1,365,126
1277,1998-07-03,8493,"Tino Martinez",4,1,334,103
1277,1998-07-03,12755,"Shane Spencer",3,1,165,26
1277,1998-07-03,11038,"Tim Raines Sr",4,2,139,44
1277,1998-07-03,1589,"Scott Brosius",4,0,316,97
1277,1998-07-03,10834,"Jorge Posada",3,1,305,93
1292,1998-07-04,6625,"Derek Jeter",4,1,369,127
1292,1998-07-04,8493,"Tino Martinez",4,1,338,104
1292,1998-07-04,12755,"Shane Spencer",4,0,169,26
1292,1998-07-04,11038,"Tim Raines Sr",5,1,144,45
1292,1998-07-04,1589,"Scott Brosius",5,1,321,98
1292,1998-07-04,10834,"Jorge Posada",5,1,310,94
1292,1998-07-04,13043,"Darryl Strawberry",4,0,256,62
1292,1998-07-04,1817,"Homer Bush",5,0,69,19
1292,1998-07-04,10084,"Paul O'Neill",4,0,349,113
1307,1998-07-05,1817,"Homer Bush",5,0,74,19
1307,1998-07-05,10084,"Paul O'Neill",5,3,354,116
1307,1998-07-05,6625,"Derek Jeter",5,4,374,131
1307,1998-07-05,8493,"Tino Martinez",4,3,342,107
1307,1998-07-05,12755,"Shane Spencer",5,2,174,28
1307,1998-07-05,7696,"Ricky Ledee",0,0,26,6
1307,1998-07-05,11038,"Tim Raines Sr",4,1,148,46
1307,1998-07-05,1589,"Scott Brosius",4,2,325,100
1307,1998-07-05,10834,"Jorge Posada",4,1,314,95
1307,1998-07-05,13043,"Darryl Strawberry",4,2,260,64
1322,1998-07-09,11038,"Tim Raines Sr",5,2,153,48
1322,1998-07-09,1589,"Scott Brosius",5,0,330,100
1322,1998-07-09,10834,"Jorge Posada",3,2,317,97
1322,1998-07-09,13043,"Darryl Strawberry",5,2,266,66
1322,1998-07-09,1817,"Homer Bush",4,2,78,21
1322,1998-07-09,10084,"Paul O'Neill",4,1,361,118
1322,1998-07-09,6625,"Derek Jeter",2,1,379,133
1322,1998-07-09,8493,"Tino Martinez",4,1,346,108
1322,1998-07-09,12755,"Shane Spencer",3,0,177,28
1334,1998-07-10,6625,"Derek Jeter",4,0,383,133
1334,1998-07-10,8493,"Tino Martinez",3,0,349,108
1334,1998-07-10,12755,"Shane Spencer",3,2,180,30
1334,1998-07-10,11038,"Tim Raines Sr",3,0,156,48
1334,1998-07-10,1589,"Scott Brosius",3,1,333,101
1334,1998-07-10,10834,"Jorge Posada",3,1,320,98
1334,1998-07-10,13043,"Darryl Strawberry",4,1,270,67
1334,1998-07-10,1817,"Homer Bush",4,0,82,21
1334,1998-07-10,10084,"Paul O'Neill",4,1,365,119
1349,1998-07-11,13043,"Darryl Strawberry",4,1,274,68
1349,1998-07-11,1817,"Homer Bush",6,3,88,24
1349,1998-07-11,10084,"Paul O'Neill",3,2,368,121
1349,1998-07-11,14474,"Bernie F Williams",4,1,204,69
1349,1998-07-11,6625,"Derek Jeter",5,1,388,134
1349,1998-07-11,8493,"Tino Martinez",3,0,352,108
1349,1998-07-11,12755,"Shane Spencer",0,0,180,30
1349,1998-07-11,11038,"Tim Raines Sr",4,2,160,50
1349,1998-07-11,1589,"Scott Brosius",4,1,337,102
1349,1998-07-11,10834,"Jorge Posada",5,2,325,100
1364,1998-07-12,8493,"Tino Martinez",4,1,356,109
1364,1998-07-12,12755,"Shane Spencer",0,0,180,30
1364,1998-07-12,11038,"Tim Raines Sr",3,1,163,51
1364,1998-07-12,1589,"Scott Brosius",3,1,340,103
1364,1998-07-12,10834,"Jorge Posada",4,1,329,101
1364,1998-07-12,13043,"Darryl Strawberry",4,2,278,70
1364,1998-07-12,1817,"Homer Bush",5,1,93,25
1364,1998-07-12,10084,"Paul O'Neill",4,3,372,124
1364,1998-07-12,14474,"Bernie F Williams",5,0,209,69
1364,1998-07-12,6625,"Derek Jeter",5,1,393,135
1381,1998-07-13,13043,"Darryl Strawberry",5,2,283,72
1381,1998-07-13,1817,"Homer Bush",4,3,97,28
1381,1998-07-13,10084,"Paul O'Neill",4,1,376,125
1381,1998-07-13,4895,"Joe Girardi",1,1,39,11
1381,1998-07-13,12691,"Luis Sojo",0,0,10,2
1381,1998-07-13,14474,"Bernie F Williams",5,0,214,69
1381,1998-07-13,6625,"Derek Jeter",4,2,397,137
1381,1998-07-13,8493,"Tino Martinez",4,1,360,110
1381,1998-07-13,12755,"Shane Spencer",0,0,180,30
1381,1998-07-13,11038,"Tim Raines Sr",3,1,166,52
1381,1998-07-13,1589,"Scott Brosius",4,0,344,103
1381,1998-07-13,10834,"Jorge Posada",4,4,333,105
1395,1998-07-14,13043,"Darryl Strawberry",3,3,286,75
1395,1998-07-14,1817,"Homer Bush",4,0,101,28
1395,1998-07-14,10084,"Paul O'Neill",3,0,379,125
1395,1998-07-14,14474,"Bernie F Williams",5,2,219,71
1395,1998-07-14,6625,"Derek Jeter",4,1,401,138
1395,1998-07-14,8493,"Tino Martinez",4,0,364,110
1395,1998-07-14,12755,"Shane Spencer",0,0,180,30
1395,1998-07-14,11038,"Tim Raines Sr",3,1,169,53
1395,1998-07-14,1589,"Scott Brosius",4,0,348,103
1395,1998-07-14,10834,"Jorge Posada",3,1,336,106
1409,1998-07-15,14474,"Bernie F Williams",4,1,223,72
1409,1998-07-15,6625,"Derek Jeter",3,2,404,140
1409,1998-07-15,8493,"Tino Martinez",4,0,368,110
1409,1998-07-15,11038,"Tim Raines Sr",4,0,173,53
1409,1998-07-15,1589,"Scott Brosius",2,1,350,104
1409,1998-07-15,4895,"Joe Girardi",4,0,43,11
1409,1998-07-15,13043,"Darryl Strawberry",2,0,288,75
1409,1998-07-15,1817,"Homer Bush",4,0,105,28
1409,1998-07-15,10084,"Paul O'Neill",4,2,383,127
1424,1998-07-16,13043,"Darryl Strawberry",3,2,291,77
1424,1998-07-16,1817,"Homer Bush",4,1,109,29
1424,1998-07-16,12755,"Shane Spencer",0,0,180,30
1424,1998-07-16,10084,"Paul O'Neill",5,1,388,128
1424,1998-07-16,10834,"Jorge Posada",3,0,339,106
1424,1998-07-16,14474,"Bernie F Williams",4,1,227,73
1424,1998-07-16,6625,"Derek Jeter",6,3,410,143
1424,1998-07-16,8493,"Tino Martinez",5,2,373,112
1424,1998-07-16,11038,"Tim Raines Sr",4,0,177,53
1424,1998-07-16,1589,"Scott Brosius",5,2,355,106
1433,1998-07-17,11038,"Tim Raines Sr",3,0,180,53
1433,1998-07-17,1589,"Scott Brosius",3,1,358,107
1433,1998-07-17,13043,"Darryl Strawberry",3,0,294,77
1433,1998-07-17,1817,"Homer Bush",4,0,113,29
1433,1998-07-17,10084,"Paul O'Neill",4,0,392,128
1433,1998-07-17,10834,"Jorge Posada",2,0,341,106
1433,1998-07-17,14474,"Bernie F Williams",4,1,231,74
1433,1998-07-17,6625,"Derek Jeter",4,1,414,144
1433,1998-07-17,8493,"Tino Martinez",1,1,374,113
1448,1998-07-18,10834,"Jorge Posada",4,0,345,106
1448,1998-07-18,14474,"Bernie F Williams",4,3,235,77
1448,1998-07-18,6625,"Derek Jeter",4,2,418,146
1448,1998-07-18,8493,"Tino Martinez",4,1,378,114
1448,1998-07-18,11038,"Tim Raines Sr",2,1,182,54
1448,1998-07-18,1589,"Scott Brosius",4,0,362,107
1448,1998-07-18,12755,"Shane Spencer",1,0,181,30
1448,1998-07-18,12691,"Luis Sojo",1,0,11,2
1448,1998-07-18,13043,"Darryl Strawberry",4,2,298,79
1448,1998-07-18,1817,"Homer Bush",3,0,116,29
1448,1998-07-18,10084,"Paul O'Neill",5,0,397,128
1463,1998-07-19,13043,"Darryl Strawberry",4,0,302,79
1463,1998-07-19,1817,"Homer Bush",3,1,119,30
1463,1998-07-19,10084,"Paul O'Neill",3,1,400,129
1463,1998-07-19,10834,"Jorge Posada",4,1,349,107
1463,1998-07-19,14474,"Bernie F Williams",4,1,239,78
1463,1998-07-19,6625,"Derek Jeter",4,0,422,146
1463,1998-07-19,8493,"Tino Martinez",4,1,382,115
1463,1998-07-19,11038,"Tim Raines Sr",4,0,186,54
1463,1998-07-19,1589,"Scott Brosius",4,1,366,108
1478,1998-07-20,8493,"Tino Martinez",3,0,385,115
1478,1998-07-20,11038,"Tim Raines Sr",2,0,188,54
1478,1998-07-20,1589,"Scott Brosius",4,0,370,108
1478,1998-07-20,13043,"Darryl Strawberry",3,0,305,79
1478,1998-07-20,1817,"Homer Bush",2,0,121,30
1478,1998-07-20,10084,"Paul O'Neill",4,1,404,130
1478,1998-07-20,10834,"Jorge Posada",4,3,353,110
1478,1998-07-20,14474,"Bernie F Williams",4,3,243,81
1478,1998-07-20,6625,"Derek Jeter",3,0,425,146
1478,1998-07-20,12755,"Shane Spencer",1,1,182,31
1478,1998-07-20,12691,"Luis Sojo",0,0,11,2
1489,1998-07-21,13043,"Darryl Strawberry",5,2,310,81
1489,1998-07-21,10084,"Paul O'Neill",6,1,410,131
1489,1998-07-21,14474,"Bernie F Williams",5,3,248,84
1489,1998-07-21,6625,"Derek Jeter",3,2,428,148
1489,1998-07-21,12755,"Shane Spencer",0,0,182,31
1489,1998-07-21,12691,"Luis Sojo",4,1,15,3
1489,1998-07-21,8493,"Tino Martinez",4,3,389,118
1489,1998-07-21,11038,"Tim Raines Sr",3,3,191,57
1489,1998-07-21,1589,"Scott Brosius",5,1,375,109
1489,1998-07-21,13191,"Dale Sveum",0,0,6,0
1489,1998-07-21,4895,"Joe Girardi",5,1,48,12
1504,1998-07-22,1817,"Homer Bush",4,0,125,30
1504,1998-07-22,10834,"Jorge Posada",4,2,357,112
1504,1998-07-22,13043,"Darryl Strawberry",3,0,313,81
1504,1998-07-22,14474,"Bernie F Williams",4,2,252,86
1504,1998-07-22,12755,"Shane Spencer",4,1,186,32
1504,1998-07-22,12691,"Luis Sojo",4,0,19,3
1504,1998-07-22,8493,"Tino Martinez",3,1,392,119
1504,1998-07-22,11038,"Tim Raines Sr",3,1,194,58
1504,1998-07-22,1589,"Scott Brosius",4,1,379,110
1533,1998-07-24,14474,"Bernie F Williams",4,1,256,87
1533,1998-07-24,12755,"Shane Spencer",1,0,187,32
1533,1998-07-24,8493,"Tino Martinez",4,0,396,119
1533,1998-07-24,11038,"Tim Raines Sr",4,1,198,59
1533,1998-07-24,1589,"Scott Brosius",3,0,382,110
1533,1998-07-24,1817,"Homer Bush",4,1,129,31
1533,1998-07-24,10084,"Paul O'Neill",4,1,414,132
1533,1998-07-24,10834,"Jorge Posada",3,1,360,113
1533,1998-07-24,6625,"Derek Jeter",4,2,432,150
1533,1998-07-24,13043,"Darryl Strawberry",4,1,317,82
1548,1998-07-25,6625,"Derek Jeter",6,2,438,152
1548,1998-07-25,12691,"Luis Sojo",0,0,19,3
1548,1998-07-25,13043,"Darryl Strawberry",5,1,322,83
1548,1998-07-25,4895,"Joe Girardi",1,0,49,12
1548,1998-07-25,14474,"Bernie F Williams",6,0,262,87
1548,1998-07-25,12755,"Shane Spencer",1,1,188,33
1548,1998-07-25,8493,"Tino Martinez",4,1,400,120
1548,1998-07-25,11038,"Tim Raines Sr",5,2,203,61
1548,1998-07-25,1589,"Scott Brosius",4,1,386,111
1548,1998-07-25,1817,"Homer Bush",4,0,133,31
1548,1998-07-25,10084,"Paul O'Neill",5,1,419,133
1548,1998-07-25,10834,"Jorge Posada",3,2,363,115
1563,1998-07-26,11038,"Tim Raines Sr",3,1,206,62
1563,1998-07-26,1589,"Scott Brosius",2,1,388,112
1563,1998-07-26,1817,"Homer Bush",3,0,136,31
1563,1998-07-26,10084,"Paul O'Neill",4,0,423,133
1563,1998-07-26,10834,"Jorge Posada",4,0,367,115
1563,1998-07-26,6625,"Derek Jeter",3,1,441,153
1563,1998-07-26,13043,"Darryl Strawberry",3,1,325,84
1563,1998-07-26,14474,"Bernie F Williams",4,0,266,87
1563,1998-07-26,8493,"Tino Martinez",2,1,402,121
1586,1998-07-28,14474,"Bernie F Williams",5,3,271,90
1586,1998-07-28,8493,"Tino Martinez",5,4,407,125
1586,1998-07-28,11038,"Tim Raines Sr",4,1,210,63
1586,1998-07-28,1589,"Scott Brosius",4,0,392,112
1586,1998-07-28,1817,"Homer Bush",5,2,141,33
1586,1998-07-28,10084,"Paul O'Neill",5,4,428,137
1586,1998-07-28,10834,"Jorge Posada",5,2,372,117
1586,1998-07-28,6625,"Derek Jeter",6,3,447,156
1586,1998-07-28,12755,"Shane Spencer",0,0,188,33
1586,1998-07-28,13043,"Darryl Strawberry",6,2,331,86
1601,1998-07-29,10834,"Jorge Posada",5,0,377,117
1601,1998-07-29,6625,"Derek Jeter",4,1,451,157
1601,1998-07-29,13191,"Dale Sveum",0,0,6,0
1601,1998-07-29,13043,"Darryl Strawberry",3,1,334,87
1601,1998-07-29,14474,"Bernie F Williams",5,1,276,91
1601,1998-07-29,8493,"Tino Martinez",3,2,410,127
1601,1998-07-29,3002,"Chad Curtis",3,1,187,50
1601,1998-07-29,11038,"Tim Raines Sr",0,0,210,63
1601,1998-07-29,1589,"Scott Brosius",4,2,396,114
1601,1998-07-29,1817,"Homer Bush",3,1,144,34
1601,1998-07-29,10084,"Paul O'Neill",5,1,433,138
1615,1998-07-30,8493,"Tino Martinez",4,3,414,130
1615,1998-07-30,11038,"Tim Raines Sr",3,1,213,64
1615,1998-07-30,1589,"Scott Brosius",4,1,400,115
1615,1998-07-30,1817,"Homer Bush",5,1,149,35
1615,1998-07-30,10084,"Paul O'Neill",4,1,437,139
1615,1998-07-30,10834,"Jorge Posada",4,3,381,120
1615,1998-07-30,6625,"Derek Jeter",5,1,456,158
1615,1998-07-30,13043,"Darryl Strawberry",3,0,337,87
1615,1998-07-30,14474,"Bernie F Williams",4,1,280,92
1630,1998-07-31,3002,"Chad Curtis",0,0,187,50
1630,1998-07-31,13043,"Darryl Strawberry",4,1,341,88
1630,1998-07-31,14474,"Bernie F Williams",5,2,285,94
1630,1998-07-31,8493,"Tino Martinez",4,0,418,130
1630,1998-07-31,11038,"Tim Raines Sr",3,1,216,65
1630,1998-07-31,1589,"Scott Brosius",3,1,403,116
1630,1998-07-31,10084,"Paul O'Neill",4,2,441,141
1630,1998-07-31,10834,"Jorge Posada",5,1,386,121
1630,1998-07-31,6625,"Derek Jeter",4,3,460,161
1630,1998-07-31,7290,"Chuck Knoblauch",5,1,325,101
1645,1998-08-01,10084,"Paul O'Neill",3,2,444,143
1645,1998-08-01,10834,"Jorge Posada",3,1,389,122
1645,1998-08-01,6625,"Derek Jeter",5,0,465,161
1645,1998-08-01,7290,"Chuck Knoblauch",4,2,329,103
1645,1998-08-01,3002,"Chad Curtis",4,1,191,51
1645,1998-08-01,13043,"Darryl Strawberry",4,1,345,89
1645,1998-08-01,12691,"Luis Sojo",0,0,19,3
1645,1998-08-01,14474,"Bernie F Williams",4,1,289,95
1645,1998-08-01,8493,"Tino Martinez",3,1,421,131
1645,1998-08-01,11038,"Tim Raines Sr",1,0,217,65
1645,1998-08-01,1589,"Scott Brosius",2,0,405,116
1660,1998-08-02,14474,"Bernie F Williams",5,0,294,95
1660,1998-08-02,8493,"Tino Martinez",4,3,425,134
1660,1998-08-02,11038,"Tim Raines Sr",3,1,220,66
1660,1998-08-02,1589,"Scott Brosius",4,2,409,118
1660,1998-08-02,10084,"Paul O'Neill",4,1,448,144
1660,1998-08-02,10834,"Jorge Posada",6,3,395,125
1660,1998-08-02,6625,"Derek Jeter",6,2,471,163
1660,1998-08-02,7290,"Chuck Knoblauch",6,4,335,107
1660,1998-08-02,3002,"Chad Curtis",0,0,191,51
1660,1998-08-02,13043,"Darryl Strawberry",4,2,349,91
1672,1998-08-03,6625,"Derek Jeter",4,0,475,163
1672,1998-08-03,7290,"Chuck Knoblauch",4,2,339,109
1672,1998-08-03,3002,"Chad Curtis",0,0,191,51
1672,1998-08-03,13043,"Darryl Strawberry",5,0,354,91
1672,1998-08-03,14474,"Bernie F Williams",5,1,299,96
1672,1998-08-03,8493,"Tino Martinez",5,2,430,136
1672,1998-08-03,4895,"Joe Girardi",4,2,53,14
1672,1998-08-03,11038,"Tim Raines Sr",2,1,222,67
1672,1998-08-03,1589,"Scott Brosius",3,1,412,119
1672,1998-08-03,10084,"Paul O'Neill",5,1,453,145
1685,1998-08-04,11038,"Tim Raines Sr",0,0,222,67
1685,1998-08-04,1589,"Scott Brosius",5,1,417,120
1685,1998-08-04,10084,"Paul O'Neill",4,3,457,148
1685,1998-08-04,6625,"Derek Jeter",5,0,480,163
1685,1998-08-04,7290,"Chuck Knoblauch",2,2,341,111
1685,1998-08-04,3002,"Chad Curtis",3,1,194,52
1685,1998-08-04,13043,"Darryl Strawberry",5,2,359,93
1685,1998-08-04,14474,"Bernie F Williams",5,1,304,97
1685,1998-08-04,8493,"Tino Martinez",4,1,434,137
1685,1998-08-04,10834,"Jorge Posada",5,1,400,126
1700,1998-08-05,14474,"Bernie F Williams",4,2,308,99
1700,1998-08-05,8493,"Tino Martinez",4,0,438,137
1700,1998-08-05,10834,"Jorge Posada",2,1,402,127
1700,1998-08-05,11038,"Tim Raines Sr",2,0,224,67
1700,1998-08-05,1589,"Scott Brosius",3,1,420,121
1700,1998-08-05,10084,"Paul O'Neill",4,1,461,149
1700,1998-08-05,6625,"Derek Jeter",4,0,484,163
1700,1998-08-05,7290,"Chuck Knoblauch",5,1,346,112
1700,1998-08-05,3002,"Chad Curtis",0,0,194,52
1700,1998-08-05,13043,"Darryl Strawberry",4,1,363,94
1718,1998-08-07,6625,"Derek Jeter",4,2,488,165
1718,1998-08-07,7290,"Chuck Knoblauch",4,1,350,113
1718,1998-08-07,3002,"Chad Curtis",0,0,194,52
1718,1998-08-07,13043,"Darryl Strawberry",3,0,366,94
1718,1998-08-07,14474,"Bernie F Williams",2,1,310,100
1718,1998-08-07,8493,"Tino Martinez",4,1,442,138
1718,1998-08-07,10834,"Jorge Posada",4,1,406,128
1718,1998-08-07,11038,"Tim Raines Sr",3,2,227,69
1718,1998-08-07,1589,"Scott Brosius",2,0,422,121
1718,1998-08-07,10084,"Paul O'Neill",4,2,465,151
1733,1998-08-08,8493,"Tino Martinez",4,2,446,140
1733,1998-08-08,10834,"Jorge Posada",5,3,411,131
1733,1998-08-08,1589,"Scott Brosius",3,1,425,122
1733,1998-08-08,10084,"Paul O'Neill",5,1,470,152
1733,1998-08-08,6625,"Derek Jeter",5,1,493,166
1733,1998-08-08,7290,"Chuck Knoblauch",4,1,354,114
1733,1998-08-08,3002,"Chad Curtis",3,2,197,54
1733,1998-08-08,13043,"Darryl Strawberry",3,2,369,96
1733,1998-08-08,14474,"Bernie F Williams",4,1,314,101
1748,1998-08-09,13043,"Darryl Strawberry",5,1,374,97
1748,1998-08-09,11038,"Tim Raines Sr",3,2,230,71
1748,1998-08-09,14474,"Bernie F Williams",3,2,317,103
1748,1998-08-09,8493,"Tino Martinez",3,2,449,142
1748,1998-08-09,10834,"Jorge Posada",4,1,415,132
1748,1998-08-09,1589,"Scott Brosius",4,1,429,123
1748,1998-08-09,10084,"Paul O'Neill",5,3,475,155
1748,1998-08-09,6625,"Derek Jeter",5,0,498,166
1748,1998-08-09,7290,"Chuck Knoblauch",4,1,358,115
1763,1998-08-10,3002,"Chad Curtis",0,0,197,54
1763,1998-08-10,10084,"Paul O'Neill",3,0,478,155
1763,1998-08-10,6625,"Derek Jeter",4,0,502,166
1763,1998-08-10,7290,"Chuck Knoblauch",5,1,363,116
1763,1998-08-10,13043,"Darryl Strawberry",4,4,378,101
1763,1998-08-10,11038,"Tim Raines Sr",3,1,233,72
1763,1998-08-10,14474,"Bernie F Williams",3,2,320,105
1763,1998-08-10,8493,"Tino Martinez",4,0,453,142
1763,1998-08-10,10834,"Jorge Posada",4,1,419,133
1763,1998-08-10,1589,"Scott Brosius",4,2,433,125
1774,1998-08-11,14474,"Bernie F Williams",4,1,324,106
1774,1998-08-11,8493,"Tino Martinez",3,2,456,144
1774,1998-08-11,10834,"Jorge Posada",3,1,422,134
1774,1998-08-11,1589,"Scott Brosius",3,0,436,125
1774,1998-08-11,3002,"Chad Curtis",2,2,199,56
1774,1998-08-11,10084,"Paul O'Neill",2,1,480,156
1774,1998-08-11,6625,"Derek Jeter",4,0,506,166
1774,1998-08-11,7290,"Chuck Knoblauch",4,0,367,116
1774,1998-08-11,13043,"Darryl Strawberry",4,1,382,102
1774,1998-08-11,11038,"Tim Raines Sr",1,0,234,72
1789,1998-08-12,6625,"Derek Jeter",3,0,509,166
1789,1998-08-12,7290,"Chuck Knoblauch",5,1,372,117
1789,1998-08-12,13043,"Darryl Strawberry",3,0,385,102
1789,1998-08-12,11038,"Tim Raines Sr",4,2,238,74
1789,1998-08-12,14474,"Bernie F Williams",5,1,329,107
1789,1998-08-12,8493,"Tino Martinez",2,2,458,146
1789,1998-08-12,10834,"Jorge Posada",4,0,426,134
1789,1998-08-12,1589,"Scott Brosius",2,0,438,125
1789,1998-08-12,3002,"Chad Curtis",0,0,199,56
1789,1998-08-12,10084,"Paul O'Neill",5,2,485,158
1804,1998-08-13,4895,"Joe Girardi",4,1,57,15
1804,1998-08-13,1589,"Scott Brosius",4,1,442,126
1804,1998-08-13,10084,"Paul O'Neill",4,2,489,160
1804,1998-08-13,6625,"Derek Jeter",4,1,513,167
1804,1998-08-13,7290,"Chuck Knoblauch",5,0,377,117
1804,1998-08-13,13043,"Darryl Strawberry",3,0,388,102
1804,1998-08-13,11038,"Tim Raines Sr",4,0,242,74
1804,1998-08-13,14474,"Bernie F Williams",3,2,332,109
1804,1998-08-13,8493,"Tino Martinez",4,2,462,148
1812,1998-08-14,3002,"Chad Curtis",4,2,203,58
1812,1998-08-14,14474,"Bernie F Williams",5,0,337,109
1812,1998-08-14,8493,"Tino Martinez",5,3,467,151
1812,1998-08-14,1589,"Scott Brosius",5,2,447,128
1812,1998-08-14,10084,"Paul O'Neill",4,1,493,161
1812,1998-08-14,6625,"Derek Jeter",5,2,518,169
1812,1998-08-14,7290,"Chuck Knoblauch",4,3,381,120
1812,1998-08-14,13043,"Darryl Strawberry",6,2,394,104
1812,1998-08-14,10834,"Jorge Posada",6,5,432,139
1827,1998-08-15,11038,"Tim Raines Sr",3,1,245,75
1827,1998-08-15,6625,"Derek Jeter",4,1,522,170
1827,1998-08-15,7290,"Chuck Knoblauch",5,2,386,122
1827,1998-08-15,13043,"Darryl Strawberry",5,2,399,106
1827,1998-08-15,10834,"Jorge Posada",5,1,437,140
1827,1998-08-15,3002,"Chad Curtis",0,0,203,58
1827,1998-08-15,14474,"Bernie F Williams",5,4,342,113
1827,1998-08-15,8493,"Tino Martinez",3,0,470,151
1827,1998-08-15,1589,"Scott Brosius",4,3,451,131
1827,1998-08-15,10084,"Paul O'Neill",4,1,497,162
1842,1998-08-16,8493,"Tino Martinez",4,1,474,152
1842,1998-08-16,1589,"Scott Brosius",4,0,455,131
1842,1998-08-16,10084,"Paul O'Neill",3,1,500,163
1842,1998-08-16,6625,"Derek Jeter",5,0,527,170
1842,1998-08-16,7290,"Chuck Knoblauch",5,1,391,123
1842,1998-08-16,13043,"Darryl Strawberry",3,1,402,107
1842,1998-08-16,10834,"Jorge Posada",3,1,440,141
1842,1998-08-16,3002,"Chad Curtis",3,0,206,58
1842,1998-08-16,14474,"Bernie F Williams",3,2,345,115
1859,1998-08-17,10084,"Paul O'Neill",5,2,509,166
1859,1998-08-17,7290,"Chuck Knoblauch",4,0,401,125
1859,1998-08-17,4895,"Joe Girardi",4,1,61,16
1859,1998-08-17,13043,"Darryl Strawberry",5,3,412,113
1859,1998-08-17,3002,"Chad Curtis",3,1,209,59
1859,1998-08-17,1817,"Homer Bush",5,3,154,38
1859,1998-08-17,8493,"Tino Martinez",4,2,482,156
1859,1998-08-17,11038,"Tim Raines Sr",4,2,254,78
1859,1998-08-17,1589,"Scott Brosius",6,3,465,137
1868,1998-08-18,3002,"Chad Curtis",6,1,215,60
1868,1998-08-18,1817,"Homer Bush",6,2,160,40
1868,1998-08-18,8493,"Tino Martinez",5,2,487,158
1868,1998-08-18,11038,"Tim Raines Sr",3,2,257,80
1868,1998-08-18,1589,"Scott Brosius",6,2,471,139
1868,1998-08-18,6625,"Derek Jeter",5,3,538,176
1868,1998-08-18,10084,"Paul O'Neill",6,3,515,169
1868,1998-08-18,4895,"Joe Girardi",4,2,65,18
1868,1998-08-18,13043,"Darryl Strawberry",4,1,416,114
1882,1998-08-19,13043,"Darryl Strawberry",4,1,420,115
1882,1998-08-19,3002,"Chad Curtis",4,1,219,61
1882,1998-08-19,1817,"Homer Bush",4,2,164,42
1882,1998-08-19,10834,"Jorge Posada",4,1,448,145
1882,1998-08-19,8493,"Tino Martinez",4,1,491,159
1882,1998-08-19,14474,"Bernie F Williams",5,2,355,118
1882,1998-08-19,1589,"Scott Brosius",5,2,476,141
1882,1998-08-19,7290,"Chuck Knoblauch",3,0,404,125
1882,1998-08-19,10084,"Paul O'Neill",4,0,519,169
1897,1998-08-20,14474,"Bernie F Williams",4,2,359,120
1897,1998-08-20,7290,"Chuck Knoblauch",4,1,408,126
1897,1998-08-20,10084,"Paul O'Neill",5,3,524,172
1897,1998-08-20,11038,"Tim Raines Sr",4,1,261,81
1897,1998-08-20,13043,"Darryl Strawberry",4,0,424,115
1897,1998-08-20,6625,"Derek Jeter",5,1,543,177
1897,1998-08-20,3002,"Chad Curtis",1,0,220,61
1897,1998-08-20,1817,"Homer Bush",4,1,168,43
1897,1998-08-20,10834,"Jorge Posada",4,2,452,147
1897,1998-08-20,8493,"Tino Martinez",4,2,495,161
1916,1998-08-21,1589,"Scott Brosius",4,2,480,143
1916,1998-08-21,6625,"Derek Jeter",3,0,546,177
1916,1998-08-21,3002,"Chad Curtis",2,0,222,61
1916,1998-08-21,10834,"Jorge Posada",4,2,456,149
1916,1998-08-21,8493,"Tino Martinez",2,2,497,163
1916,1998-08-21,14474,"Bernie F Williams",4,1,363,121
1916,1998-08-21,7290,"Chuck Knoblauch",4,0,412,126
1916,1998-08-21,10084,"Paul O'Neill",4,0,528,172
1916,1998-08-21,11038,"Tim Raines Sr",1,0,262,81
1916,1998-08-21,13043,"Darryl Strawberry",4,0,428,115
1931,1998-08-22,11038,"Tim Raines Sr",2,0,264,81
1931,1998-08-22,13043,"Darryl Strawberry",3,0,431,115
1931,1998-08-22,1589,"Scott Brosius",6,3,486,146
1931,1998-08-22,6625,"Derek Jeter",5,2,551,179
1931,1998-08-22,10834,"Jorge Posada",6,1,462,150
1931,1998-08-22,3002,"Chad Curtis",0,0,222,61
1931,1998-08-22,8493,"Tino Martinez",1,0,498,163
1931,1998-08-22,14474,"Bernie F Williams",5,3,368,124
1931,1998-08-22,7290,"Chuck Knoblauch",5,2,417,128
1931,1998-08-22,10084,"Paul O'Neill",6,2,534,174
1946,1998-08-23,8493,"Tino Martinez",4,2,502,165
1946,1998-08-23,14474,"Bernie F Williams",5,3,373,127
1946,1998-08-23,1817,"Homer Bush",3,1,171,44
1946,1998-08-23,7290,"Chuck Knoblauch",2,0,419,128
1946,1998-08-23,10084,"Paul O'Neill",6,2,540,176
1946,1998-08-23,13191,"Dale Sveum",1,0,7,0
1946,1998-08-23,13043,"Darryl Strawberry",5,1,436,116
1946,1998-08-23,1589,"Scott Brosius",2,1,488,147
1946,1998-08-23,6625,"Derek Jeter",5,4,556,183
1946,1998-08-23,12691,"Luis Sojo",2,1,21,4
1946,1998-08-23,10834,"Jorge Posada",6,3,468,153
1946,1998-08-23,3002,"Chad Curtis",4,1,226,62
1967,1998-08-25,13043,"Darryl Strawberry",3,0,439,116
1967,1998-08-25,1589,"Scott Brosius",4,3,492,150
1967,1998-08-25,6625,"Derek Jeter",3,1,559,184
1967,1998-08-25,10834,"Jorge Posada",3,1,471,154
1967,1998-08-25,3002,"Chad Curtis",0,0,226,62
1967,1998-08-25,8493,"Tino Martinez",4,0,506,165
1967,1998-08-25,7290,"Chuck Knoblauch",3,0,422,128
1967,1998-08-25,11038,"Tim Raines Sr",3,0,267,81
1967,1998-08-25,10084,"Paul O'Neill",5,3,545,179
1967,1998-08-25,14474,"Bernie F Williams",4,1,377,128
1982,1998-08-26,10084,"Paul O'Neill",3,1,548,180
1982,1998-08-26,14474,"Bernie F Williams",5,2,382,130
1982,1998-08-26,13043,"Darryl Strawberry",5,2,444,118
1982,1998-08-26,1589,"Scott Brosius",4,3,496,153
1982,1998-08-26,6625,"Derek Jeter",5,2,564,186
1982,1998-08-26,10834,"Jorge Posada",5,1,476,155
1982,1998-08-26,3002,"Chad Curtis",3,1,229,63
1982,1998-08-26,8493,"Tino Martinez",5,2,511,167
1982,1998-08-26,7290,"Chuck Knoblauch",4,1,426,129
1997,1998-08-27,10834,"Jorge Posada",4,1,480,156
1997,1998-08-27,3002,"Chad Curtis",1,0,230,63
1997,1998-08-27,11038,"Tim Raines Sr",3,0,270,81
1997,1998-08-27,8493,"Tino Martinez",3,3,514,170
1997,1998-08-27,12691,"Luis Sojo",0,0,21,4
1997,1998-08-27,7290,"Chuck Knoblauch",4,0,430,129
1997,1998-08-27,10084,"Paul O'Neill",3,1,551,181
1997,1998-08-27,14474,"Bernie F Williams",4,0,386,130
1997,1998-08-27,1817,"Homer Bush",0,0,171,44
1997,1998-08-27,13043,"Darryl Strawberry",4,0,448,118
1997,1998-08-27,1589,"Scott Brosius",3,1,499,154
1997,1998-08-27,6625,"Derek Jeter",4,0,568,186
2011,1998-08-28,4895,"Joe Girardi",0,0,65,18
2011,1998-08-28,13043,"Darryl Strawberry",5,1,453,119
2011,1998-08-28,1589,"Scott Brosius",3,0,502,154
2011,1998-08-28,6625,"Derek Jeter",5,0,573,186
2011,1998-08-28,10834,"Jorge Posada",4,1,484,157
2011,1998-08-28,3002,"Chad Curtis",3,0,233,63
2011,1998-08-28,11038,"Tim Raines Sr",2,1,272,82
2011,1998-08-28,8493,"Tino Martinez",5,1,519,171
2011,1998-08-28,7290,"Chuck Knoblauch",6,2,436,131
2011,1998-08-28,10084,"Paul O'Neill",5,1,556,182
2011,1998-08-28,14474,"Bernie F Williams",4,2,390,132
2011,1998-08-28,1817,"Homer Bush",0,0,171,44
2026,1998-08-29,7290,"Chuck Knoblauch",5,3,441,134
2026,1998-08-29,10084,"Paul O'Neill",4,2,560,184
2026,1998-08-29,14474,"Bernie F Williams",4,2,394,134
2026,1998-08-29,4895,"Joe Girardi",4,0,69,18
2026,1998-08-29,13043,"Darryl Strawberry",3,2,456,121
2026,1998-08-29,1589,"Scott Brosius",4,2,506,156
2026,1998-08-29,6625,"Derek Jeter",4,1,577,187
2026,1998-08-29,11038,"Tim Raines Sr",4,1,276,83
2026,1998-08-29,8493,"Tino Martinez",4,2,523,173
2041,1998-08-30,1589,"Scott Brosius",4,0,510,156
2041,1998-08-30,6625,"Derek Jeter",4,4,581,191
2041,1998-08-30,11038,"Tim Raines Sr",1,0,277,83
2041,1998-08-30,8493,"Tino Martinez",2,0,525,173
2041,1998-08-30,7290,"Chuck Knoblauch",4,0,445,134
2041,1998-08-30,10084,"Paul O'Neill",4,2,564,186
2041,1998-08-30,14474,"Bernie F Williams",4,1,398,135
2041,1998-08-30,10834,"Jorge Posada",4,0,488,157
2041,1998-08-30,3002,"Chad Curtis",3,0,236,63
2041,1998-08-30,13043,"Darryl Strawberry",3,1,459,122
2067,1998-09-01,10834,"Jorge Posada",4,2,492,159
2067,1998-09-01,3002,"Chad Curtis",1,0,237,63
2067,1998-09-01,12755,"Shane Spencer",3,2,191,35
2067,1998-09-01,13043,"Darryl Strawberry",2,0,461,122
2067,1998-09-01,1589,"Scott Brosius",4,1,514,157
2067,1998-09-01,6625,"Derek Jeter",3,0,584,191
2067,1998-09-01,8493,"Tino Martinez",4,2,529,175
2067,1998-09-01,7290,"Chuck Knoblauch",2,0,447,134
2067,1998-09-01,10084,"Paul O'Neill",5,1,569,187
2067,1998-09-01,14474,"Bernie F Williams",4,2,402,137
2082,1998-09-02,8493,"Tino Martinez",3,1,532,176
2082,1998-09-02,7290,"Chuck Knoblauch",3,1,450,135
2082,1998-09-02,10084,"Paul O'Neill",3,1,572,188
2082,1998-09-02,14474,"Bernie F Williams",1,0,403,137
2082,1998-09-02,10834,"Jorge Posada",3,1,495,160
2082,1998-09-02,3002,"Chad Curtis",4,0,241,63
2082,1998-09-02,13043,"Darryl Strawberry",4,0,465,122
2082,1998-09-02,1589,"Scott Brosius",3,0,517,157
2082,1998-09-02,6625,"Derek Jeter",5,2,589,193
2101,1998-09-04,13043,"Darryl Strawberry",2,1,467,123
2101,1998-09-04,1589,"Scott Brosius",4,1,521,158
2101,1998-09-04,6625,"Derek Jeter",4,2,593,195
2101,1998-09-04,8493,"Tino Martinez",3,0,535,176
2101,1998-09-04,11038,"Tim Raines Sr",3,1,280,84
2101,1998-09-04,7290,"Chuck Knoblauch",4,0,454,135
2101,1998-09-04,10084,"Paul O'Neill",4,0,576,188
2101,1998-09-04,14474,"Bernie F Williams",3,1,406,138
2101,1998-09-04,10834,"Jorge Posada",4,1,499,161
2101,1998-09-04,3002,"Chad Curtis",1,0,242,63
2116,1998-09-05,10084,"Paul O'Neill",4,2,580,190
2116,1998-09-05,11038,"Tim Raines Sr",3,2,283,86
2116,1998-09-05,10834,"Jorge Posada",5,1,504,162
2116,1998-09-05,3002,"Chad Curtis",4,0,246,63
2116,1998-09-05,13043,"Darryl Strawberry",3,1,470,124
2116,1998-09-05,1589,"Scott Brosius",5,1,526,159
2116,1998-09-05,6625,"Derek Jeter",5,0,598,195
2116,1998-09-05,8493,"Tino Martinez",4,1,539,177
2116,1998-09-05,7290,"Chuck Knoblauch",5,3,459,138
2131,1998-09-06,8493,"Tino Martinez",5,3,544,180
2131,1998-09-06,7290,"Chuck Knoblauch",4,1,463,139
2131,1998-09-06,10084,"Paul O'Neill",5,2,585,192
2131,1998-09-06,11038,"Tim Raines Sr",3,0,286,86
2131,1998-09-06,12755,"Shane Spencer",0,0,191,35
2131,1998-09-06,10834,"Jorge Posada",4,2,508,164
2131,1998-09-06,3002,"Chad Curtis",4,2,250,65
2131,1998-09-06,13043,"Darryl Strawberry",3,0,473,124
2131,1998-09-06,1589,"Scott Brosius",5,0,531,159
2131,1998-09-06,6625,"Derek Jeter",5,2,603,197
2145,1998-09-07,10834,"Jorge Posada",5,0,513,164
2145,1998-09-07,3002,"Chad Curtis",5,1,255,66
2145,1998-09-07,13043,"Darryl Strawberry",4,2,477,126
2145,1998-09-07,1589,"Scott Brosius",5,3,536,162
2145,1998-09-07,6625,"Derek Jeter",4,1,607,198
2145,1998-09-07,8493,"Tino Martinez",5,1,549,181
2145,1998-09-07,7290,"Chuck Knoblauch",3,1,466,140
2145,1998-09-07,10084,"Paul O'Neill",4,1,589,193
2145,1998-09-07,12755,"Shane Spencer",4,3,195,38
2157,1998-09-08,7290,"Chuck Knoblauch",4,0,470,140
2157,1998-09-08,10084,"Paul O'Neill",5,4,594,197
2157,1998-09-08,12755,"Shane Spencer",5,2,200,40
2157,1998-09-08,10834,"Jorge Posada",6,5,519,169
2157,1998-09-08,3002,"Chad Curtis",3,1,258,67
2157,1998-09-08,13043,"Darryl Strawberry",3,2,480,128
2157,1998-09-08,1589,"Scott Brosius",5,1,541,163
2157,1998-09-08,6625,"Derek Jeter",6,2,613,200
2157,1998-09-08,8493,"Tino Martinez",5,1,554,182
2171,1998-09-09,1589,"Scott Brosius",4,2,545,165
2171,1998-09-09,6625,"Derek Jeter",5,3,618,203
2171,1998-09-09,8493,"Tino Martinez",4,0,558,182
2171,1998-09-09,7290,"Chuck Knoblauch",5,0,475,140
2171,1998-09-09,10084,"Paul O'Neill",5,1,599,198
2171,1998-09-09,12755,"Shane Spencer",3,1,203,41
2171,1998-09-09,10834,"Jorge Posada",4,2,523,171
2171,1998-09-09,3002,"Chad Curtis",3,3,261,70
2171,1998-09-09,13043,"Darryl Strawberry",4,1,484,129
2186,1998-09-10,12755,"Shane Spencer",2,0,205,41
2186,1998-09-10,3002,"Chad Curtis",3,0,264,70
2186,1998-09-10,13043,"Darryl Strawberry",4,1,488,130
2186,1998-09-10,1589,"Scott Brosius",4,0,549,165
2186,1998-09-10,6625,"Derek Jeter",4,0,622,203
2186,1998-09-10,8493,"Tino Martinez",4,1,562,183
2186,1998-09-10,7290,"Chuck Knoblauch",3,2,478,142
2186,1998-09-10,4895,"Joe Girardi",3,0,72,18
2186,1998-09-10,10084,"Paul O'Neill",4,2,603,200
2196,1998-09-11,8493,"Tino Martinez",3,0,565,183
2196,1998-09-11,10834,"Jorge Posada",3,0,526,171
2196,1998-09-11,7290,"Chuck Knoblauch",4,2,482,144
2196,1998-09-11,10084,"Paul O'Neill",4,1,607,201
2196,1998-09-11,12755,"Shane Spencer",3,0,208,41
2196,1998-09-11,3002,"Chad Curtis",4,1,268,71
2196,1998-09-11,13043,"Darryl Strawberry",3,1,491,131
2196,1998-09-11,1589,"Scott Brosius",4,1,553,166
2196,1998-09-11,6625,"Derek Jeter",4,1,626,204
2211,1998-09-12,13043,"Darryl Strawberry",4,1,495,132
2211,1998-09-12,1589,"Scott Brosius",4,1,557,167
2211,1998-09-12,6625,"Derek Jeter",4,0,630,204
2211,1998-09-12,8493,"Tino Martinez",4,2,569,185
2211,1998-09-12,10834,"Jorge Posada",4,2,530,173
2211,1998-09-12,7290,"Chuck Knoblauch",3,0,485,144
2211,1998-09-12,10084,"Paul O'Neill",4,0,611,201
2211,1998-09-12,12755,"Shane Spencer",3,1,211,42
2211,1998-09-12,3002,"Chad Curtis",3,0,271,71
2226,1998-09-13,10084,"Paul O'Neill",5,2,616,203
2226,1998-09-13,12755,"Shane Spencer",3,1,214,43
2226,1998-09-13,3002,"Chad Curtis",4,1,275,72
2226,1998-09-13,13043,"Darryl Strawberry",2,0,497,132
2226,1998-09-13,1589,"Scott Brosius",4,1,561,168
2226,1998-09-13,6625,"Derek Jeter",3,1,633,205
2226,1998-09-13,8493,"Tino Martinez",4,1,573,186
2226,1998-09-13,10834,"Jorge Posada",4,1,534,174
2226,1998-09-13,7290,"Chuck Knoblauch",5,2,490,146
2240,1998-09-14,8493,"Tino Martinez",3,1,576,187
2240,1998-09-14,10834,"Jorge Posada",4,1,538,175
2240,1998-09-14,7290,"Chuck Knoblauch",4,2,494,148
2240,1998-09-14,10084,"Paul O'Neill",4,2,620,205
2240,1998-09-14,12755,"Shane Spencer",3,0,217,43
2240,1998-09-14,3002,"Chad Curtis",3,0,278,72
2240,1998-09-14,13043,"Darryl Strawberry",4,1,501,133
2240,1998-09-14,1589,"Scott Brosius",2,0,563,168
2240,1998-09-14,6625,"Derek Jeter",4,1,637,206
2255,1998-09-15,3002,"Chad Curtis",3,2,281,74
2255,1998-09-15,13043,"Darryl Strawberry",4,0,505,133
2255,1998-09-15,1817,"Homer Bush",4,1,175,45
2255,1998-09-15,1589,"Scott Brosius",4,1,567,169
2255,1998-09-15,8493,"Tino Martinez",3,0,579,187
2255,1998-09-15,10834,"Jorge Posada",4,2,542,177
2255,1998-09-15,7290,"Chuck Knoblauch",4,3,498,151
2255,1998-09-15,12755,"Shane Spencer",5,1,222,44
2255,1998-09-15,7696,"Ricky Ledee",4,3,30,9
2270,1998-09-16,4895,"Joe Girardi",6,2,78,20
2270,1998-09-16,6625,"Derek Jeter",4,1,641,207
2270,1998-09-16,12755,"Shane Spencer",1,1,223,45
2270,1998-09-16,7696,"Ricky Ledee",5,2,35,11
2270,1998-09-16,3002,"Chad Curtis",5,4,286,78
2270,1998-09-16,13043,"Darryl Strawberry",6,1,511,134
2270,1998-09-16,12691,"Luis Sojo",0,0,21,4
2270,1998-09-16,1817,"Homer Bush",5,1,180,46
2270,1998-09-16,1589,"Scott Brosius",5,4,572,173
2270,1998-09-16,10084,"Paul O'Neill",6,2,626,207
2270,1998-09-16,8493,"Tino Martinez",6,0,585,187
2285,1998-09-17,1817,"Homer Bush",4,2,184,48
2285,1998-09-17,10834,"Jorge Posada",4,2,546,179
2285,1998-09-17,7290,"Chuck Knoblauch",0,0,498,151
2285,1998-09-17,10084,"Paul O'Neill",5,1,631,208
2285,1998-09-17,8493,"Tino Martinez",5,2,590,189
2285,1998-09-17,6625,"Derek Jeter",4,0,645,207
2285,1998-09-17,12755,"Shane Spencer",5,1,228,46
2285,1998-09-17,7696,"Ricky Ledee",4,1,39,12
2285,1998-09-17,13043,"Darryl Strawberry",3,1,514,135
2285,1998-09-17,12691,"Luis Sojo",4,1,25,5
2294,1998-09-18,1589,"Scott Brosius",4,1,576,174
2294,1998-09-18,6625,"Derek Jeter",3,1,648,208
2294,1998-09-18,12755,"Shane Spencer",4,2,232,48
2294,1998-09-18,13043,"Darryl Strawberry",4,1,518,136
2294,1998-09-18,10834,"Jorge Posada",4,1,550,180
2294,1998-09-18,7290,"Chuck Knoblauch",5,0,503,151
2294,1998-09-18,10084,"Paul O'Neill",4,2,635,210
2294,1998-09-18,8493,"Tino Martinez",4,2,594,191
2294,1998-09-18,3002,"Chad Curtis",4,1,290,79
2309,1998-09-19,8493,"Tino Martinez",3,0,597,191
2309,1998-09-19,14474,"Bernie F Williams",3,0,409,138
2309,1998-09-19,3002,"Chad Curtis",4,2,294,81
2309,1998-09-19,1589,"Scott Brosius",4,2,580,176
2309,1998-09-19,6625,"Derek Jeter",4,1,652,209
2309,1998-09-19,13043,"Darryl Strawberry",4,2,522,138
2309,1998-09-19,10834,"Jorge Posada",4,0,554,180
2309,1998-09-19,7290,"Chuck Knoblauch",3,1,506,152
2309,1998-09-19,10084,"Paul O'Neill",3,0,638,210
2324,1998-09-20,13043,"Darryl Strawberry",3,0,525,138
2324,1998-09-20,10834,"Jorge Posada",4,2,558,182
2324,1998-09-20,7290,"Chuck Knoblauch",3,0,509,152
2324,1998-09-20,10084,"Paul O'Neill",4,2,642,212
2324,1998-09-20,12691,"Luis Sojo",3,0,28,5
2324,1998-09-20,8493,"Tino Martinez",4,0,601,191
2324,1998-09-20,14474,"Bernie F Williams",4,2,413,140
2324,1998-09-20,3002,"Chad Curtis",3,1,297,82
2324,1998-09-20,1589,"Scott Brosius",4,0,584,176
2324,1998-09-20,6625,"Derek Jeter",1,1,653,210
2348,1998-09-22,1589,"Scott Brosius",4,1,588,177
2348,1998-09-22,1817,"Homer Bush",5,1,189,49
2348,1998-09-22,13043,"Darryl Strawberry",3,2,528,140
2348,1998-09-22,10834,"Jorge Posada",4,2,562,184
2348,1998-09-22,7290,"Chuck Knoblauch",3,1,512,153
2348,1998-09-22,10084,"Paul O'Neill",5,2,647,214
2348,1998-09-22,8493,"Tino Martinez",4,0,605,191
2348,1998-09-22,14474,"Bernie F Williams",5,1,418,141
2348,1998-09-22,3002,"Chad Curtis",3,1,300,83
2363,1998-09-23,10084,"Paul O'Neill",4,0,651,214
2363,1998-09-23,8493,"Tino Martinez",3,0,608,191
2363,1998-09-23,14474,"Bernie F Williams",4,1,422,142
2363,1998-09-23,3002,"Chad Curtis",3,0,303,83
2363,1998-09-23,1589,"Scott Brosius",2,0,590,177
2363,1998-09-23,1817,"Homer Bush",4,0,193,49
2363,1998-09-23,13043,"Darryl Strawberry",3,1,531,141
2363,1998-09-23,10834,"Jorge Posada",2,1,564,185
2363,1998-09-23,7290,"Chuck Knoblauch",3,0,515,153
2378,1998-09-24,13043,"Darryl Strawberry",2,0,533,141
2378,1998-09-24,1817,"Homer Bush",4,0,197,49
2378,1998-09-24,10834,"Jorge Posada",2,0,566,185
2378,1998-09-24,7290,"Chuck Knoblauch",2,0,517,153
2378,1998-09-24,10084,"Paul O'Neill",4,1,655,215
2378,1998-09-24,8493,"Tino Martinez",4,1,612,192
2378,1998-09-24,14474,"Bernie F Williams",2,1,424,143
2378,1998-09-24,3002,"Chad Curtis",4,0,307,83
2378,1998-09-24,1589,"Scott Brosius",3,0,593,177
2387,1998-09-25,3002,"Chad Curtis",2,0,309,83
2387,1998-09-25,1589,"Scott Brosius",4,1,597,178
2387,1998-09-25,12755,"Shane Spencer",1,1,233,49
2387,1998-09-25,13043,"Darryl Strawberry",4,2,537,143
2387,1998-09-25,1817,"Homer Bush",3,1,200,50
2387,1998-09-25,10834,"Jorge Posada",5,2,571,187
2387,1998-09-25,7290,"Chuck Knoblauch",4,1,521,154
2387,1998-09-25,10084,"Paul O'Neill",6,3,661,218
2387,1998-09-25,8493,"Tino Martinez",5,2,617,194
2387,1998-09-25,14474,"Bernie F Williams",4,3,428,146
2402,1998-09-26,7290,"Chuck Knoblauch",2,0,523,154
2402,1998-09-26,10084,"Paul O'Neill",3,1,664,219
2402,1998-09-26,8493,"Tino Martinez",3,1,620,195
2402,1998-09-26,14474,"Bernie F Williams",4,2,432,148
2402,1998-09-26,3002,"Chad Curtis",3,0,312,83
2402,1998-09-26,4895,"Joe Girardi",3,2,81,22
2402,1998-09-26,1589,"Scott Brosius",3,1,600,179
2402,1998-09-26,13043,"Darryl Strawberry",4,0,541,143
2402,1998-09-26,1817,"Homer Bush",4,2,204,52
2417,1998-09-27,10834,"Jorge Posada",3,1,574,188
2417,1998-09-27,1589,"Scott Brosius",4,1,604,180
2417,1998-09-27,13043,"Darryl Strawberry",4,2,545,145
2417,1998-09-27,1817,"Homer Bush",4,0,208,52
2417,1998-09-27,7290,"Chuck Knoblauch",3,1,526,155
2417,1998-09-27,10084,"Paul O'Neill",5,3,669,222
2417,1998-09-27,8493,"Tino Martinez",4,1,624,196
2417,1998-09-27,14474,"Bernie F Williams",5,2,437,150
2417,1998-09-27,12691,"Luis Sojo",0,0,28,5
2417,1998-09-27,3002,"Chad Curtis",3,2,315,85
2417,1998-09-27,12755,"Shane Spencer",0,0,233,49
